Nc	R_opt	R_AQE	R_AQEnoW	R_ACF	R_DQNN	R_linQ	R_opt_rand	R_AQE_rand	R_AQEnoW_rand	R_ACF_rand	R_DQNN_rand	R_linQ_rand
40	18.110700607299805	8.818705558776855	3.5563714504241943	6.012941837310791	0.0	6.745988845825195	2.7600138187408447	2.320683717727661	2.7688183784484863	5.454452037811279	0.0	5.27908992767334
