Nc	R_opt	R_AQE	R_AQEnoW	R_ACF	R_DQNN	R_linQ	R_opt_rand	R_AQE_rand	R_AQEnoW_rand	R_ACF_rand	R_DQNN_rand	R_linQ_rand
40	3.506560802459717	2.3264172077178955	1.7502977848052979	2.007560968399048	0.0	1.145867943763733	0.4930982291698456	0.5690663456916809	0.4957892894744873	0.5189085602760315	0.0	0.4949392080307007
