Nc	R_opt	R_AQE	R_AQEnoW	R_ACF	R_DQNN	R_linQ	R_opt_rand	R_AQE_rand	R_AQEnoW_rand	R_ACF_rand	R_DQNN_rand	R_linQ_rand
40	4.397501468658447	2.7261111736297607	2.3612868785858154	2.280930757522583	0.0	1.5376273393630981	0.5399486422538757	0.5718172788619995	0.5401719212532043	0.5268068313598633	0.0	0.5393292307853699
