Nc	R_opt	R_AQE	R_AQEnoW	R_ACF	R_DQNN	R_linQ	R_opt_rand	R_AQE_rand	R_AQEnoW_rand	R_ACF_rand	R_DQNN_rand	R_linQ_rand
40	9.008528709411621	6.801280498504639	2.8031580448150635	6.013953685760498	0.0	6.22885274887085	2.518298625946045	4.872941970825195	2.5373926162719727	5.438858985900879	0.0	5.2201948165893555
