Nc	R_opt	R_AQE	R_AQEnoW	R_ACF	R_DQNN	R_linQ	R_opt_rand	R_AQE_rand	R_AQEnoW_rand	R_ACF_rand	R_DQNN_rand	R_linQ_rand
40	9.008528709411621	6.864095687866211	2.706578493118286	6.097344398498535	0.0	5.943795204162598	2.5261034965515137	4.853314399719238	2.531095504760742	5.42505407333374	0.0	5.428353309631348
