Nc	R_opt	R_AQE	R_AQEnoW	R_ACF	R_DQNN	R_linQ	R_opt_rand	R_AQE_rand	R_AQEnoW_rand	R_ACF_rand	R_DQNN_rand	R_linQ_rand
32	18.772438049316406	13.90483283996582	10.513537406921387	8.170995712280273	0.0	7.040886402130127	3.302432060241699	3.083228349685669	3.3232882022857666	4.896350383758545	0.0	4.629149913787842
