Nc	R_opt	R_AQE	R_AQEnoW	R_ACF	R_DQNN	R_linQ	R_opt_rand	R_AQE_rand	R_AQEnoW_rand	R_ACF_rand	R_DQNN_rand	R_linQ_rand
40	9.975485801696777	10.968062400817871	6.279818058013916	7.864584922790527	0.0	6.535158157348633	3.063300371170044	3.450948715209961	3.0680737495422363	4.792353630065918	0.0	4.462882995605469
