Nc	R_opt	R_AQE	R_AQEnoW	R_ACF	R_DQNN	R_linQ	R_opt_rand	R_AQE_rand	R_AQEnoW_rand	R_ACF_rand	R_DQNN_rand	R_linQ_rand
40	21.21200180053711	18.2797908782959	12.241964340209961	9.67203140258789	0.0	8.687660217285156	3.70770263671875	3.6489009857177734	3.7410099506378174	6.38407039642334	0.0	6.097733497619629
