Nc	R_opt	R_AQE	R_AQEnoW	R_ACF	R_DQNN	R_linQ	R_opt_rand	R_AQE_rand	R_AQEnoW_rand	R_ACF_rand	R_DQNN_rand	R_linQ_rand
14	18.480499267578125	13.523009300231934	6.565323352813721	7.974499225616455	0.0	6.870584964752197	2.821216344833374	2.5681281089782715	2.8211629390716553	5.4344658851623535	0.0	5.199289321899414
