Nc	R_opt	R_AQE	R_AQEnoW	R_ACF	R_DQNN	R_linQ	R_opt_rand	R_AQE_rand	R_AQEnoW_rand	R_ACF_rand	R_DQNN_rand	R_linQ_rand
14	18.480499267578125	13.531309127807617	6.7511982917785645	8.196425437927246	0.0	6.874309062957764	2.827258825302124	2.5326967239379883	2.836477041244507	5.421855926513672	0.0	5.187186241149902
