Nc	R_opt	R_AQE	R_AQEnoW	R_ACF	R_DQNN	R_linQ	R_opt_rand	R_AQE_rand	R_AQEnoW_rand	R_ACF_rand	R_DQNN_rand	R_linQ_rand
14	18.480499267578125	13.539510726928711	6.767068386077881	8.18675422668457	0.0	6.818232536315918	2.8289690017700195	2.5465824604034424	2.818255662918091	5.416261196136475	0.0	5.186343669891357
