Nc	R_opt	R_AQE	R_AQEnoW	R_ACF	R_DQNN	R_linQ	R_opt_rand	R_AQE_rand	R_AQEnoW_rand	R_ACF_rand	R_DQNN_rand	R_linQ_rand
40	3.506561279296875	2.03090763092041	1.697108507156372	1.7017167806625366	0.0	1.1554518938064575	0.4938122034072876	0.5421380400657654	0.49380189180374146	0.5014211535453796	0.0	0.5012313723564148
