Nc	R_opt	R_AQE	R_AQEnoW	R_ACF	R_DQNN	R_linQ	R_opt_rand	R_AQE_rand	R_AQEnoW_rand	R_ACF_rand	R_DQNN_rand	R_linQ_rand
40	9.604801177978516	13.868932723999023	6.383166313171387	9.802247047424316	0.0	8.199261665344238	3.2484726905822754	3.437107801437378	3.250088691711426	6.385478496551514	0.0	6.103895664215088
