Nc	R_opt	R_AQE	R_AQEnoW	R_ACF	R_DQNN	R_linQ	R_opt_rand	R_AQE_rand	R_AQEnoW_rand	R_ACF_rand	R_DQNN_rand	R_linQ_rand
25	21.7320556640625	11.655635833740234	3.5656964778900146	6.482970714569092	0.0	6.471351146697998	2.629315137863159	2.2697341442108154	2.638270139694214	5.777541160583496	0.0	5.802433967590332
