Nc	R_opt	R_ACF	R_opt_rand	R_ACF_rand
80	4.287445545196533	2.4405863285064697	0.5341374278068542	0.5239061117172241
