Nc	R_opt	R_AQE	R_AQEnoW	R_ACF	R_DQNN	R_linQ	R_opt_rand	R_AQE_rand	R_AQEnoW_rand	R_ACF_rand	R_DQNN_rand	R_linQ_rand
40	9.008528709411621	4.534235954284668	2.7861955165863037	6.0438127517700195	0.0	6.000117778778076	2.5382795333862305	2.179126262664795	2.5279629230499268	5.424278259277344	0.0	5.46916389465332
