Nc	R_opt	R_AQE	R_AQEnoW	R_ACF	R_DQNN	R_linQ	R_opt_rand	R_AQE_rand	R_AQEnoW_rand	R_ACF_rand	R_DQNN_rand	R_linQ_rand
40	14.018640518188477	6.791121006011963	3.279463291168213	6.092883586883545	0.0	6.583287239074707	2.685694932937622	2.2834465503692627	2.68513560295105	5.449188709259033	0.0	5.224735260009766
