Nc	R_opt	R_AQE	R_AQEnoW	R_ACF	R_DQNN	R_linQ	R_opt_rand	R_AQE_rand	R_AQEnoW_rand	R_ACF_rand	R_DQNN_rand	R_linQ_rand
40	18.220542907714844	13.785015106201172	10.709437370300293	7.718176364898682	0.0	7.075769424438477	3.4912564754486084	3.318127155303955	3.501746892929077	4.800784111022949	0.0	4.523901462554932
