Nc	R_opt	R_AQE	R_AQEnoW	R_ACF	R_DQNN	R_linQ	R_opt_rand	R_AQE_rand	R_AQEnoW_rand	R_ACF_rand	R_DQNN_rand	R_linQ_rand
40	39.29259490966797	42.145450592041016	15.828130722045898	20.93398094177246	0.0	19.475605010986328	2.2306013107299805	2.227482318878174	2.2399001121520996	16.326509475708008	0.0	16.28982162475586
