Nc	R_opt	R_AQE	R_AQEnoW	R_ACF	R_DQNN	R_linQ	R_opt_rand	R_AQE_rand	R_AQEnoW_rand	R_ACF_rand	R_DQNN_rand	R_linQ_rand
40	3.506560802459717	2.2600371837615967	1.7792034149169922	1.964901328086853	0.0	1.1257297992706299	0.4958813786506653	0.5673026442527771	0.4957790970802307	0.5125913023948669	0.0	0.501559317111969
