Nc	R_opt	R_AQE	R_ACF	R_DQNN	R_linQ	R_opt_rand	R_AQE_rand	R_ACF_rand	R_DQNN_rand	R_linQ_rand
100	14.805459022521973	11.113083839416504	6.76169490814209	7.116873264312744	6.799396514892578	2.701401948928833	2.720571279525757	3.324444055557251	3.353250741958618	2.431912660598755
