Nc	R_opt	R_AQE	R_AQEnoW	R_ACF	R_DQNN	R_linQ	R_opt_rand	R_AQE_rand	R_AQEnoW_rand	R_ACF_rand	R_DQNN_rand	R_linQ_rand
40	13.038969993591309	10.533964157104492	3.1195528507232666	6.097626209259033	0.0	6.058785438537598	2.6502411365509033	2.922315835952759	2.664142608642578	5.4413743019104	0.0	5.449679851531982
