Nc	R_opt	R_AQE	R_AQEnoW	R_ACF	R_DQNN	R_linQ	R_opt_rand	R_AQE_rand	R_AQEnoW_rand	R_ACF_rand	R_DQNN_rand	R_linQ_rand
40	7.046368598937988	4.255465984344482	3.8350613117218018	3.155571460723877	0.0	2.7679569721221924	1.1648365259170532	1.1759817600250244	1.164642333984375	1.060290813446045	0.0	1.169229507446289
