Nc	R_opt	R_AQE	R_AQEnoW	R_ACF	R_DQNN	R_linQ	R_opt_rand	R_AQE_rand	R_AQEnoW_rand	R_ACF_rand	R_DQNN_rand	R_linQ_rand
40	4.825770378112793	6.511361598968506	2.3776729106903076	6.103013038635254	0.0	5.747740268707275	2.3237874507904053	4.987281322479248	2.3022289276123047	5.4622392654418945	0.0	5.458771228790283
