Nc	R_opt	R_AQE	R_AQEnoW	R_ACF	R_DQNN	R_linQ	R_opt_rand	R_AQE_rand	R_AQEnoW_rand	R_ACF_rand	R_DQNN_rand	R_linQ_rand
40	9.604801177978516	13.384568214416504	6.373721122741699	9.536690711975098	0.0	8.252006530761719	3.2437846660614014	3.7799341678619385	3.2595157623291016	6.335938453674316	0.0	6.108118534088135
