Nc	R_opt	R_AQE	R_AQEnoW	R_ACF	R_DQNN	R_linQ	R_opt_rand	R_AQE_rand	R_AQEnoW_rand	R_ACF_rand	R_DQNN_rand	R_linQ_rand
40	10.282761573791504	6.796305179595947	6.300593376159668	5.2101664543151855	0.0	4.0296101570129395	1.9847626686096191	1.9745397567749023	1.9818702936172485	2.0716845989227295	0.0	1.9934792518615723
