Nc	R_opt	R_AQE	R_AQEnoW	R_ACF	R_DQNN	R_linQ	R_opt_rand	R_AQE_rand	R_AQEnoW_rand	R_ACF_rand	R_DQNN_rand	R_linQ_rand
19	21.558584213256836	12.095271110534668	3.3741424083709717	6.732810020446777	0.0	6.753102779388428	2.5566964149475098	2.2413170337677	2.557929515838623	6.030470371246338	0.0	6.040870666503906
