Nc	R_opt	R_AQE	R_AQEnoW	R_ACF	R_DQNN	R_linQ	R_opt_rand	R_AQE_rand	R_AQEnoW_rand	R_ACF_rand	R_DQNN_rand	R_linQ_rand
40	3.506561279296875	2.2766425609588623	1.697983980178833	1.5952836275100708	0.0	1.138933539390564	0.4959029257297516	0.5830162167549133	0.4966907203197479	0.5111264586448669	0.0	0.5034803152084351
