Nc	R_opt	R_AQE	R_AQEnoW	R_ACF	R_DQNN	R_linQ	R_opt_rand	R_AQE_rand	R_AQEnoW_rand	R_ACF_rand	R_DQNN_rand	R_linQ_rand
40	3.506561279296875	2.2659826278686523	1.7371783256530762	1.9337158203125	0.0	1.149791955947876	0.4958984851837158	0.5754895210266113	0.49453088641166687	0.5196936130523682	0.0	0.503046989440918
