Nc	R_opt	R_AQE	R_AQEnoW	R_ACF	R_DQNN	R_linQ	R_opt_rand	R_AQE_rand	R_AQEnoW_rand	R_ACF_rand	R_DQNN_rand	R_linQ_rand
40	14.27644157409668	9.72539234161377	8.315193176269531	6.014298915863037	0.0	5.536798000335693	2.8748347759246826	2.83853816986084	2.8683860301971436	3.332521438598633	0.0	3.120732545852661
