Nc	R_opt	R_AQE	R_AQEnoW	R_ACF	R_DQNN	R_linQ	R_opt_rand	R_AQE_rand	R_AQEnoW_rand	R_ACF_rand	R_DQNN_rand	R_linQ_rand
40	14.276440620422363	9.86215877532959	8.82773494720459	6.694267749786377	0.0	5.614525318145752	2.8752033710479736	2.8409335613250732	2.871722459793091	3.3427507877349854	0.0	3.152505397796631
