Nc	R_opt	R_AQE	R_AQEnoW	R_ACF	R_DQNN	R_linQ	R_opt_rand	R_AQE_rand	R_AQEnoW_rand	R_ACF_rand	R_DQNN_rand	R_linQ_rand
40	14.27644157409668	9.690141677856445	8.163688659667969	6.422987937927246	0.0	5.185884952545166	2.862196683883667	2.839641809463501	2.8805418014526367	3.3465311527252197	0.0	2.8609120845794678
