Nc	R_opt	R_AQE	R_ACF	R_DQNN	R_linQ	R_opt_rand	R_AQE_rand	R_ACF_rand	R_DQNN_rand	R_linQ_rand
8	4.286715507507324	1.4795780181884766	1.2189658880233765	0.0	1.001358151435852	0.5355849862098694	0.48764145374298096	0.5561256408691406	0.0	0.5462682247161865
16	4.286715507507324	1.5815707445144653	1.349560260772705	0.0	1.174148440361023	0.535689651966095	0.49491336941719055	0.5626296401023865	0.0	0.5398969650268555
32	4.286715507507324	2.012315034866333	1.3203734159469604	0.0	1.26808500289917	0.5345268845558167	0.5587851405143738	0.5614232420921326	0.0	0.5084932446479797
64	4.286715507507324	2.598140001296997	2.3407037258148193	0.0	1.38081955909729	0.5351040959358215	0.5679599046707153	0.578262209892273	0.0	0.5033813118934631
100	4.286715507507324	2.8333802223205566	1.8340435028076172	2.7843129634857178	1.5167105197906494	0.535027801990509	0.5842454433441162	0.575963020324707	0.5294662714004517	0.46337080001831055
128	4.286715507507324	2.8371410369873047	2.5526528358459473	0.0	1.701097011566162	0.5333212018013	0.5664330720901489	0.579999566078186	0.0	0.4907074570655823
