Nc	R_opt	R_AQE	R_AQEnoW	R_ACF	R_DQNN	R_linQ	R_opt_rand	R_AQE_rand	R_AQEnoW_rand	R_ACF_rand	R_DQNN_rand	R_linQ_rand
32	18.772438049316406	14.003664016723633	10.340495109558105	8.390480041503906	0.0	7.003791332244873	3.322535753250122	3.102619171142578	3.3188796043395996	4.929447174072266	0.0	4.6398234367370605
