Nc	R_opt	R_AQE	R_AQEnoW	R_ACF	R_DQNN	R_linQ	R_opt_rand	R_AQE_rand	R_AQEnoW_rand	R_ACF_rand	R_DQNN_rand	R_linQ_rand
19	21.558584213256836	12.03553295135498	3.3613343238830566	6.7073163986206055	0.0	6.737832546234131	2.5686776638031006	2.227813720703125	2.5574886798858643	5.980661392211914	0.0	6.009086608886719
