Nc	R_opt	R_AQE	R_AQEnoW	R_ACF	R_DQNN	R_linQ	R_opt_rand	R_AQE_rand	R_AQEnoW_rand	R_ACF_rand	R_DQNN_rand	R_linQ_rand
25	21.7320556640625	11.44286060333252	3.485553741455078	6.491312026977539	0.0	6.458280086517334	2.623352527618408	2.2796709537506104	2.63478684425354	5.768622875213623	0.0	5.790925979614258
