Nc	R_opt	R_AQE	R_AQEnoW	R_ACF	R_DQNN	R_linQ	R_opt_rand	R_AQE_rand	R_AQEnoW_rand	R_ACF_rand	R_DQNN_rand	R_linQ_rand
25	37.29243087768555	41.32057571411133	10.573626518249512	19.62159538269043	0.0	18.419137954711914	2.2338523864746094	2.261772632598877	2.240480899810791	15.870269775390625	0.0	15.686585426330566
