Nc	R_opt	R_AQE	R_AQEnoW	R_ACF	R_DQNN	R_linQ	R_opt_rand	R_AQE_rand	R_AQEnoW_rand	R_ACF_rand	R_DQNN_rand	R_linQ_rand
19	36.35784912109375	40.84815979003906	8.515779495239258	18.939697265625	0.0	17.725685119628906	2.2444121837615967	2.2800824642181396	2.2429094314575195	15.566086769104004	0.0	15.318912506103516
