Nc	R_opt	R_AQE	R_linQ	R_rand
2	12.528217315673828	6.230350971221924	6.070522308349609	5.520191192626953
4	12.528217315673828	6.528834819793701	6.194953441619873	5.5220513343811035
8	12.528217315673828	6.935511112213135	6.844179630279541	5.526237487792969
16	12.528217315673828	7.349802494049072	7.596809387207031	5.525693416595459
32	12.528217315673828	7.393363952636719	8.516457557678223	5.529662132263184
64	12.528217315673828	7.552627086639404	9.594141960144043	5.519748687744141
128	12.528217315673828	7.559572219848633	10.129129409790039	5.523247241973877
