Nc	R_opt	R_AQE	R_linQ	R_rand
128	12.53499698638916	5.88532829284668	5.884027481079102	5.516716003417969
