Nc	R_opt	R_AQE	R_AQEnoW	R_ACF	R_DQNN	R_linQ	R_opt_rand	R_AQE_rand	R_AQEnoW_rand	R_ACF_rand	R_DQNN_rand	R_linQ_rand
40	21.211997985839844	18.96512222290039	12.991853713989258	10.012177467346191	0.0	8.752479553222656	3.735384702682495	3.7183799743652344	3.7284069061279297	6.4323883056640625	0.0	6.082424640655518
