Nc	R_opt	R_AQE	R_AQEnoW	R_ACF	R_DQNN	R_linQ	R_opt_rand	R_AQE_rand	R_AQEnoW_rand	R_ACF_rand	R_DQNN_rand	R_linQ_rand
40	10.28276252746582	6.813864707946777	5.868026256561279	5.049241065979004	0.0	4.170074939727783	1.987536907196045	1.9804679155349731	1.9876675605773926	2.0848028659820557	0.0	1.9972401857376099
