Nc	R_opt	R_AQE	R_AQEnoW	R_ACF	R_DQNN	R_linQ	R_opt_rand	R_AQE_rand	R_AQEnoW_rand	R_ACF_rand	R_DQNN_rand	R_linQ_rand
14	34.98139572143555	39.15049743652344	6.959212303161621	17.833959579467773	0.0	16.84136962890625	2.255866050720215	2.2772305011749268	2.267678737640381	14.981815338134766	0.0	14.821730613708496
