Nc	R_opt	R_AQE	R_AQEnoW	R_ACF	R_DQNN	R_linQ	R_opt_rand	R_AQE_rand	R_AQEnoW_rand	R_ACF_rand	R_DQNN_rand	R_linQ_rand
32	38.465576171875	41.54440689086914	12.928738594055176	19.826087951660156	0.0	19.13547706604004	2.2225797176361084	2.27634859085083	2.238046884536743	16.03555679321289	0.0	16.05088996887207
