Nc	R_opt	R_AQE	R_AQEnoW	R_ACF	R_DQNN	R_linQ	R_opt_rand	R_AQE_rand	R_AQEnoW_rand	R_ACF_rand	R_DQNN_rand	R_linQ_rand
40	21.211997985839844	18.763507843017578	13.109715461730957	10.056618690490723	0.0	8.725310325622559	3.7217440605163574	3.6894564628601074	3.727081060409546	6.436376571655273	0.0	6.09276819229126
