Nc	R_opt	R_AQE	R_AQEnoW	R_ACF	R_DQNN	R_linQ	R_opt_rand	R_AQE_rand	R_AQEnoW_rand	R_ACF_rand	R_DQNN_rand	R_linQ_rand
40	12.031424522399902	10.295281410217285	3.0509135723114014	6.0255937576293945	0.0	6.091153621673584	2.6339826583862305	2.9535200595855713	2.6285312175750732	5.440289497375488	0.0	5.454005241394043
