Nc	R_opt	R_AQE	R_AQEnoW	R_ACF	R_DQNN	R_linQ	R_opt_rand	R_AQE_rand	R_AQEnoW_rand	R_ACF_rand	R_DQNN_rand	R_linQ_rand
40	2.1911392211914062	1.2331894636154175	1.0268629789352417	0.8956498503684998	0.0	0.586434543132782	0.20462535321712494	0.22823435068130493	0.2062811404466629	0.19473733007907867	0.0	0.19831673800945282
