Nc	R_opt	R_AQE	R_AQEnoW	R_ACF	R_DQNN	R_linQ	R_opt_rand	R_AQE_rand	R_AQEnoW_rand	R_ACF_rand	R_DQNN_rand	R_linQ_rand
40	9.975485801696777	11.271535873413086	6.606414794921875	7.797194480895996	0.0	6.56459379196167	3.067699670791626	3.4490909576416016	3.061023473739624	4.779947280883789	0.0	4.505073547363281
