Nc	R_opt	R_AQE	R_AQEnoW	R_ACF	R_DQNN	R_linQ	R_opt_rand	R_AQE_rand	R_AQEnoW_rand	R_ACF_rand	R_DQNN_rand	R_linQ_rand
25	37.29243087768555	43.61669921875	10.817854881286621	19.605323791503906	0.0	18.413705825805664	2.2503464221954346	2.253782272338867	2.2461612224578857	15.953482627868652	0.0	15.699563980102539
