Nc	R_opt	R_AQE	R_AQEnoW	R_ACF	R_DQNN	R_linQ	R_opt_rand	R_AQE_rand	R_AQEnoW_rand	R_ACF_rand	R_DQNN_rand	R_linQ_rand
40	2.1911396980285645	1.315885305404663	1.0509828329086304	0.956473708152771	0.0	0.6058988571166992	0.20425166189670563	0.2304219901561737	0.20583300292491913	0.19842392206192017	0.0	0.19565421342849731
