Nc	R_opt	R_AQE	R_AQEnoW	R_ACF	R_DQNN	R_linQ	R_opt_rand	R_AQE_rand	R_AQEnoW_rand	R_ACF_rand	R_DQNN_rand	R_linQ_rand
40	2.7455050945281982	6.4263434410095215	2.149770498275757	5.743489742279053	0.0	5.393185615539551	2.1241328716278076	5.012837886810303	2.129316568374634	5.4261627197265625	0.0	5.309340953826904
