Nc	R_opt	R_AQE	R_AQEnoW	R_ACF	R_DQNN	R_linQ	R_opt_rand	R_AQE_rand	R_AQEnoW_rand	R_ACF_rand	R_DQNN_rand	R_linQ_rand
14	21.374160766601562	12.473676681518555	3.085421323776245	7.003184795379639	0.0	7.048118591308594	2.5088202953338623	2.214231491088867	2.5163724422454834	6.293185234069824	0.0	6.340648651123047
