Nc	R_opt	R_AQE	R_AQEnoW	R_ACF	R_DQNN	R_linQ	R_opt_rand	R_AQE_rand	R_AQEnoW_rand	R_ACF_rand	R_DQNN_rand	R_linQ_rand
40	18.810108184814453	14.307348251342773	11.817557334899902	8.522406578063965	0.0	7.141556739807129	3.500229597091675	3.300865888595581	3.5131452083587646	4.850266456604004	0.0	4.548877716064453
