Nc	R_opt	R_AQE	R_ACF	R_DQNN	R_linQ	R_opt_rand	R_AQE_rand	R_ACF_rand	R_DQNN_rand	R_linQ_rand
8	14.802499771118164	7.6406779289245605	5.489490509033203	0.0	4.5261149406433105	2.7132210731506348	2.6269586086273193	3.315768003463745	0.0	3.1240479946136475
16	14.802499771118164	8.159733772277832	5.355074882507324	0.0	4.8238983154296875	2.699650287628174	2.7505218982696533	3.2970573902130127	0.0	3.0781662464141846
32	14.802499771118164	9.429606437683105	6.135667324066162	0.0	5.358852386474609	2.6907217502593994	2.7918756008148193	3.3295717239379883	0.0	3.0711426734924316
64	14.802499771118164	10.369832038879395	5.562352180480957	0.0	5.956486225128174	2.6999361515045166	2.825137138366699	3.284425735473633	0.0	3.0779781341552734
100	14.802499771118164	11.567709922790527	6.429086685180664	7.210351467132568	6.362026214599609	2.695838212966919	2.724804639816284	3.337100028991699	3.3743479251861572	3.0949177742004395
128	14.802499771118164	11.658856391906738	7.079057693481445	0.0	7.259406089782715	2.712697982788086	2.7101891040802	3.3447346687316895	0.0	2.706430435180664
