Nc	R_opt	R_AQE	R_AQEnoW	R_ACF	R_DQNN	R_linQ	R_opt_rand	R_AQE_rand	R_AQEnoW_rand	R_ACF_rand	R_DQNN_rand	R_linQ_rand
40	9.6048002243042	13.651358604431152	6.215031623840332	9.497598648071289	0.0	8.043503761291504	3.2637457847595215	3.398190498352051	3.253117084503174	6.378100395202637	0.0	6.052667617797852
