Nc	R_opt	R_AQE	R_AQEnoW	R_ACF	R_DQNN	R_linQ	R_opt_rand	R_AQE_rand	R_AQEnoW_rand	R_ACF_rand	R_DQNN_rand	R_linQ_rand
40	4.825770378112793	2.8885974884033203	2.371537923812866	5.918233394622803	0.0	5.704669952392578	2.312176465988159	2.0492773056030273	2.31624436378479	5.374144554138184	0.0	5.405498504638672
