Nc	R_opt	R_AQE	R_AQEnoW	R_ACF	R_DQNN	R_linQ	R_opt_rand	R_AQE_rand	R_AQEnoW_rand	R_ACF_rand	R_DQNN_rand	R_linQ_rand
14	21.374160766601562	12.562603950500488	3.3921666145324707	7.070162296295166	0.0	7.035024166107178	2.5091071128845215	2.2238545417785645	2.516383409500122	6.32373046875	0.0	6.340507984161377
