Nc	R_opt	R_AQE	R_AQEnoW	R_ACF	R_DQNN	R_linQ	R_opt_rand	R_AQE_rand	R_AQEnoW_rand	R_ACF_rand	R_DQNN_rand	R_linQ_rand
10	18.36345672607422	13.721817016601562	5.6927289962768555	8.289219856262207	0.0	6.905794143676758	2.700441837310791	2.433753728866577	2.6914713382720947	5.759210586547852	0.0	5.508609771728516
