Nc	R_opt	R_AQE	R_AQEnoW	R_ACF	R_DQNN	R_linQ	R_opt_rand	R_AQE_rand	R_AQEnoW_rand	R_ACF_rand	R_DQNN_rand	R_linQ_rand
40	21.21200180053711	18.256832122802734	12.512681007385254	9.582412719726562	0.0	8.688424110412598	3.740084171295166	3.660846471786499	3.721201181411743	6.388890743255615	0.0	6.084077835083008
