Nc	R_opt	R_AQE	R_AQEnoW	R_ACF	R_DQNN	R_linQ	R_opt_rand	R_AQE_rand	R_AQEnoW_rand	R_ACF_rand	R_DQNN_rand	R_linQ_rand
32	21.82524871826172	11.242624282836914	3.5574147701263428	6.2791523933410645	0.0	6.158033847808838	2.7411861419677734	2.30525279045105	2.7271406650543213	5.576414585113525	0.0	5.536032676696777
