Nc	R_opt	R_AQE	R_ACF	R_DQNN	R_linQ	R_opt_rand	R_AQE_rand	R_ACF_rand	R_DQNN_rand	R_linQ_rand
8	18.878807067871094	10.92361068725586	7.0138115882873535	0.0	6.017284393310547	3.1363773345947266	2.658900737762451	4.807357311248779	0.0	4.52418327331543
16	18.878807067871094	12.716557502746582	7.475551605224609	0.0	6.4452104568481445	3.1253716945648193	2.889796495437622	4.7964768409729	0.0	4.540849685668945
32	18.878807067871094	14.21696949005127	7.499077796936035	0.0	6.903382778167725	3.131643772125244	3.0213043689727783	4.747561931610107	0.0	4.560783863067627
64	18.878807067871094	15.642624855041504	8.72227954864502	0.0	7.569180488586426	3.1282551288604736	3.132852554321289	4.811944007873535	0.0	4.563335418701172
100	18.878807067871094	15.77419376373291	8.443805694580078	8.787147521972656	7.8812785148620605	3.159471035003662	3.156728506088257	4.811418056488037	4.820377826690674	4.482470512390137
128	18.878807067871094	15.48196029663086	8.211097717285156	0.0	8.19997787475586	3.1392972469329834	3.1033935546875	4.820949554443359	0.0	4.519412517547607
