Nc	R_opt	R_AQE	R_AQEnoW	R_ACF	R_DQNN	R_linQ	R_opt_rand	R_AQE_rand	R_AQEnoW_rand	R_ACF_rand	R_DQNN_rand	R_linQ_rand
19	36.35784912109375	39.62973403930664	8.63202953338623	19.21926498413086	0.0	17.691211700439453	2.2448995113372803	2.280736207962036	2.244941473007202	15.514504432678223	0.0	15.289917945861816
