Nc	R_opt	R_AQE	R_AQEnoW	R_ACF	R_DQNN	R_linQ	R_opt_rand	R_AQE_rand	R_AQEnoW_rand	R_ACF_rand	R_DQNN_rand	R_linQ_rand
40	14.276440620422363	10.091769218444824	8.776727676391602	7.229553699493408	0.0	5.584353923797607	2.862555980682373	2.7795896530151367	2.8748693466186523	3.35715651512146	0.0	3.1178336143493652
