Nc	R_opt	R_AQE	R_AQEnoW	R_ACF	R_DQNN	R_linQ	R_opt_rand	R_AQE_rand	R_AQEnoW_rand	R_ACF_rand	R_DQNN_rand	R_linQ_rand
40	2.7455050945281982	2.1829006671905518	2.1400442123413086	5.475100994110107	0.0	5.326725959777832	2.135608196258545	1.9715442657470703	2.1229140758514404	5.276731014251709	0.0	5.2217020988464355
