Nc	R_opt	R_AQE	R_AQEnoW	R_ACF	R_DQNN	R_linQ	R_opt_rand	R_AQE_rand	R_AQEnoW_rand	R_ACF_rand	R_DQNN_rand	R_linQ_rand
40	2.657137155532837	1.3882824182510376	1.2914849519729614	1.2451421022415161	0.0	0.7361850142478943	0.21685966849327087	0.22783182561397552	0.21585752069950104	0.19895069301128387	0.0	0.20807799696922302
