Nc	R_opt	R_AQE	R_ACF	R_DQNN	R_linQ	R_opt_rand	R_AQE_rand	R_ACF_rand	R_DQNN_rand	R_linQ_rand
8	18.87880516052246	11.273581504821777	6.659231185913086	0.0	6.079526424407959	3.110680103302002	2.7053112983703613	4.740234851837158	0.0	4.534019947052002
16	18.87880516052246	12.085925102233887	7.310112476348877	0.0	6.48710298538208	3.111262321472168	2.7926599979400635	4.836410045623779	0.0	4.5084757804870605
32	18.87880516052246	14.154610633850098	7.456525802612305	0.0	6.991178035736084	3.1292595863342285	3.0123064517974854	4.761303901672363	0.0	4.523348331451416
64	18.87880516052246	15.65218734741211	8.40632152557373	0.0	7.555910587310791	3.1168742179870605	3.1337223052978516	4.817070960998535	0.0	4.557000160217285
100	18.87880516052246	16.18393898010254	7.6119771003723145	8.851092338562012	7.9977240562438965	3.1342859268188477	3.1719396114349365	4.766209602355957	4.843290328979492	4.558135509490967
128	18.87880516052246	16.330890655517578	7.235153675079346	0.0	8.211715698242188	3.1268398761749268	3.190995931625366	4.792759895324707	0.0	4.551424503326416
