Nc	R_opt	R_AQE	R_AQEnoW	R_ACF	R_DQNN	R_linQ	R_opt_rand	R_AQE_rand	R_AQEnoW_rand	R_ACF_rand	R_DQNN_rand	R_linQ_rand
40	5.199286460876465	3.5314760208129883	2.799558639526367	2.95750093460083	0.0	2.093921422958374	1.0288324356079102	1.1475571393966675	1.03082275390625	1.067409873008728	0.0	1.0649064779281616
