Nc	R_opt	R_AQE	R_AQEnoW	R_ACF	R_DQNN	R_linQ	R_opt_rand	R_AQE_rand	R_AQEnoW_rand	R_ACF_rand	R_DQNN_rand	R_linQ_rand
32	21.82524871826172	11.272920608520508	3.7967031002044678	6.273918628692627	0.0	6.2707624435424805	2.731335401535034	2.3015387058258057	2.7194554805755615	5.591648101806641	0.0	5.614249229431152
