Nc	R_opt	R_AQE	R_AQEnoW	R_ACF	R_DQNN	R_linQ	R_opt_rand	R_AQE_rand	R_AQEnoW_rand	R_ACF_rand	R_DQNN_rand	R_linQ_rand
40	10.00393295288086	7.505739688873291	2.870357036590576	6.018388271331787	0.0	5.983504772186279	2.5630104541778564	5.4347944259643555	2.5584232807159424	5.432163715362549	0.0	5.435354232788086
