Nc	R_opt	R_AQE	R_AQEnoW	R_ACF	R_DQNN	R_linQ	R_opt_rand	R_AQE_rand	R_AQEnoW_rand	R_ACF_rand	R_DQNN_rand	R_linQ_rand
40	2.1911396980285645	1.2427411079406738	1.0692251920700073	0.9955356121063232	0.0	0.6084910035133362	0.2055109590291977	0.22515177726745605	0.20680856704711914	0.19556142389774323	0.0	0.1977597326040268
