Nc	R_opt	R_AQE	R_AQEnoW	R_ACF	R_DQNN	R_linQ	R_opt_rand	R_AQE_rand	R_AQEnoW_rand	R_ACF_rand	R_DQNN_rand	R_linQ_rand
40	18.110700607299805	10.781610488891602	3.593421459197998	6.12296199798584	0.0	6.054938793182373	2.7586112022399902	2.916515588760376	2.7797110080718994	5.456549644470215	0.0	5.441416263580322
