Nc	R_opt	R_AQE	R_AQEnoW	R_ACF	R_DQNN	R_linQ	R_opt_rand	R_AQE_rand	R_AQEnoW_rand	R_ACF_rand	R_DQNN_rand	R_linQ_rand
40	18.220542907714844	13.793551445007324	10.769320487976074	8.17034912109375	0.0	7.087453842163086	3.5051190853118896	3.322470188140869	3.4972779750823975	4.812627792358398	0.0	4.519747257232666
