Nc	R_opt	R_AQE	R_AQEnoW	R_ACF	R_DQNN	R_linQ	R_opt_rand	R_AQE_rand	R_AQEnoW_rand	R_ACF_rand	R_DQNN_rand	R_linQ_rand
40	18.810108184814453	14.30248737335205	11.7301664352417	8.228218078613281	0.0	7.190853118896484	3.4900803565979004	3.3180761337280273	3.497481107711792	4.801032543182373	0.0	4.572717189788818
