Nc	R_opt	R_AQE	R_AQEnoW	R_ACF	R_DQNN	R_linQ	R_opt_rand	R_AQE_rand	R_AQEnoW_rand	R_ACF_rand	R_DQNN_rand	R_linQ_rand
25	37.29243087768555	39.971160888671875	10.27560043334961	19.811859130859375	0.0	18.426328659057617	2.2351131439208984	2.273766040802002	2.236934185028076	15.928121566772461	0.0	15.705085754394531
