Nc	R_opt	R_AQE	R_AQEnoW	R_ACF	R_DQNN	R_linQ	R_opt_rand	R_AQE_rand	R_AQEnoW_rand	R_ACF_rand	R_DQNN_rand	R_linQ_rand
40	9.133919715881348	8.4508638381958	5.6215386390686035	5.775564193725586	0.0	4.993826389312744	2.624687433242798	2.8145601749420166	2.6210548877716064	3.314110040664673	0.0	3.1004161834716797
