Nc	R_opt	R_AQE	R_ACF	R_DQNN	R_linQ	R_opt_rand	R_AQE_rand	R_ACF_rand	R_DQNN_rand	R_linQ_rand
8	4.286715984344482	1.4439254999160767	1.46066153049469	0.0	1.1940422058105469	0.5308914184570312	0.49391970038414	0.5328068137168884	0.0	0.5432095527648926
16	4.286715984344482	1.7194993495941162	1.6807289123535156	0.0	1.1124902963638306	0.5335958003997803	0.5734074115753174	0.5228540897369385	0.0	0.5423882603645325
32	4.286715984344482	2.2354507446289062	1.8721028566360474	0.0	1.3751827478408813	0.5353824496269226	0.582449734210968	0.5309635400772095	0.0	0.5312684774398804
64	4.286715984344482	2.5907394886016846	2.366292715072632	0.0	1.591808557510376	0.535348117351532	0.563700795173645	0.520820677280426	0.0	0.5261996388435364
100	4.286715984344482	2.816045045852661	2.4271037578582764	2.489666700363159	1.52500319480896	0.5370947122573853	0.5823344588279724	0.525023341178894	0.5188185572624207	0.5264578461647034
128	4.286715984344482	2.8218271732330322	0.9544424414634705	0.0	1.4823424816131592	0.5367691516876221	0.5808534622192383	0.5180978178977966	0.0	0.5219425559043884
