Nc	R_opt	R_AQE	R_AQEnoW	R_ACF	R_DQNN	R_linQ	R_opt_rand	R_AQE_rand	R_AQEnoW_rand	R_ACF_rand	R_DQNN_rand	R_linQ_rand
40	12.031424522399902	10.326586723327637	3.0606913566589355	6.047050952911377	0.0	5.973941802978516	2.620189905166626	2.9316534996032715	2.6371865272521973	5.431420803070068	0.0	5.443411350250244
