Nc	R_opt	R_AQE	R_AQEnoW	R_ACF	R_DQNN	R_linQ	R_opt_rand	R_AQE_rand	R_AQEnoW_rand	R_ACF_rand	R_DQNN_rand	R_linQ_rand
32	38.465576171875	43.01640319824219	13.02498722076416	19.73905372619629	0.0	19.078170776367188	2.2352230548858643	2.2606723308563232	2.242767810821533	16.03887367248535	0.0	16.05371856689453
