Nc	R_opt	R_AQE	R_AQEnoW	R_ACF	R_DQNN	R_linQ	R_opt_rand	R_AQE_rand	R_AQEnoW_rand	R_ACF_rand	R_DQNN_rand	R_linQ_rand
40	5.199286937713623	3.662266731262207	2.881829023361206	3.300114870071411	0.0	1.9608298540115356	1.0254616737365723	1.0917760133743286	1.0318557024002075	1.1248819828033447	0.0	1.0505188703536987
