Nc	R_opt	R_AQE	R_AQEnoW	R_ACF	R_DQNN	R_linQ	R_opt_rand	R_AQE_rand	R_AQEnoW_rand	R_ACF_rand	R_DQNN_rand	R_linQ_rand
40	2.7455050945281982	6.437094211578369	2.147043228149414	5.666446685791016	0.0	5.5098395347595215	2.1236793994903564	4.993829250335693	2.131176710128784	5.415043354034424	0.0	5.368393421173096
