Nc	R_opt	R_AQE	R_AQEnoW	R_ACF	R_DQNN	R_linQ	R_opt_rand	R_AQE_rand	R_AQEnoW_rand	R_ACF_rand	R_DQNN_rand	R_linQ_rand
40	2.1911396980285645	1.3302273750305176	1.0330679416656494	0.8790991902351379	0.0	0.6125118732452393	0.20558641850948334	0.22904860973358154	0.2046874463558197	0.20184102654457092	0.0	0.19829794764518738
