Nc	R_opt	R_AQE	R_AQEnoW	R_ACF	R_DQNN	R_linQ	R_opt_rand	R_AQE_rand	R_AQEnoW_rand	R_ACF_rand	R_DQNN_rand	R_linQ_rand
40	2.7455050945281982	2.186232089996338	2.1332623958587646	5.542071342468262	0.0	5.305747032165527	2.133023500442505	1.9727551937103271	2.1297693252563477	5.306933403015137	0.0	5.200450420379639
