Nc	R_opt	R_AQE	R_AQEnoW	R_ACF	R_DQNN	R_linQ	R_opt_rand	R_AQE_rand	R_AQEnoW_rand	R_ACF_rand	R_DQNN_rand	R_linQ_rand
40	10.28276252746582	6.646143436431885	5.815540313720703	4.834914684295654	0.0	4.171037673950195	1.9924712181091309	1.9444812536239624	1.9865458011627197	2.058354377746582	0.0	2.003383159637451
