Nc	R_opt	R_AQE	R_AQEnoW	R_ACF	R_DQNN	R_linQ	R_opt_rand	R_AQE_rand	R_AQEnoW_rand	R_ACF_rand	R_DQNN_rand	R_linQ_rand
10	33.6846923828125	39.153411865234375	5.468775272369385	17.306427001953125	0.0	15.997396469116211	2.275890827178955	2.3506815433502197	2.2629435062408447	14.35554313659668	0.0	14.327346801757812
