Nc	R_opt	R_AQE	R_AQEnoW	R_ACF	R_DQNN	R_linQ	R_opt_rand	R_AQE_rand	R_AQEnoW_rand	R_ACF_rand	R_DQNN_rand	R_linQ_rand
40	5.199286460876465	3.551523447036743	2.8135507106781006	3.0406885147094727	0.0	2.0893306732177734	1.0250376462936401	1.1373246908187866	1.0312042236328125	1.0772926807403564	0.0	1.0614756345748901
