Nc	R_opt	R_AQE	R_AQEnoW	R_ACF	R_DQNN	R_linQ	R_opt_rand	R_AQE_rand	R_AQEnoW_rand	R_ACF_rand	R_DQNN_rand	R_linQ_rand
32	21.82524871826172	11.246796607971191	3.52715802192688	6.270820140838623	0.0	6.280620574951172	2.711812734603882	2.3090474605560303	2.715824842453003	5.581893444061279	0.0	5.617552757263184
