Nc	R_opt	R_AQE	R_ACF	R_DQNN	R_linQ	R_opt_rand	R_AQE_rand	R_ACF_rand	R_DQNN_rand	R_linQ_rand
8	7.037108421325684	2.760615110397339	2.5278139114379883	0.0	2.3152554035186768	1.1672883033752441	1.029033899307251	1.1240935325622559	0.0	1.1807345151901245
16	7.037108421325684	3.122678279876709	2.9289743900299072	0.0	2.2487940788269043	1.1789157390594482	1.0662298202514648	1.0796102285385132	0.0	1.1878770589828491
32	7.037108421325684	4.128790855407715	3.1094377040863037	0.0	2.495234727859497	1.1706359386444092	1.1447913646697998	1.0773178339004517	0.0	1.1749781370162964
64	7.037108421325684	4.5910515785217285	3.8875350952148438	0.0	2.419661283493042	1.1819621324539185	1.156904697418213	1.0775089263916016	0.0	1.1811755895614624
100	7.037108421325684	4.770632266998291	3.895503520965576	3.91637921333313	2.29183292388916	1.1815240383148193	1.1592817306518555	1.1394100189208984	1.0827386379241943	1.1794342994689941
128	7.037108421325684	4.776697635650635	3.836958169937134	0.0	2.0053234100341797	1.1729154586791992	1.1598484516143799	1.0762302875518799	0.0	1.1695141792297363
