Nc	R_opt	R_AQE	R_AQEnoW	R_ACF	R_DQNN	R_linQ	R_opt_rand	R_AQE_rand	R_AQEnoW_rand	R_ACF_rand	R_DQNN_rand	R_linQ_rand
40	20.43598747253418	10.912775993347168	3.666207790374756	6.134326934814453	0.0	6.088489055633545	2.796919584274292	2.908931255340576	2.793111562728882	5.4768900871276855	0.0	5.454171657562256
