Nc	R_opt	R_AQE	R_AQEnoW	R_ACF	R_DQNN	R_linQ	R_opt_rand	R_AQE_rand	R_AQEnoW_rand	R_ACF_rand	R_DQNN_rand	R_linQ_rand
10	21.06758689880371	13.01119613647461	3.2864222526550293	7.399392127990723	0.0	7.391774654388428	2.5089070796966553	2.206493377685547	2.5037243366241455	6.668893814086914	0.0	6.6578450202941895
