Nc	R_opt	R_AQE	R_AQEnoW	R_ACF	R_DQNN	R_linQ	R_opt_rand	R_AQE_rand	R_AQEnoW_rand	R_ACF_rand	R_DQNN_rand	R_linQ_rand
40	2.657137155532837	1.370612621307373	1.3170591592788696	1.0104495286941528	0.0	0.7315586805343628	0.21775516867637634	0.22718846797943115	0.21768546104431152	0.20189885795116425	0.0	0.20906086266040802
