Nc	R_opt	R_AQE	R_AQEnoW	R_ACF	R_DQNN	R_linQ	R_opt_rand	R_AQE_rand	R_AQEnoW_rand	R_ACF_rand	R_DQNN_rand	R_linQ_rand
40	10.00393295288086	8.000472068786621	2.8471412658691406	6.011595249176025	0.0	5.985990524291992	2.558109998703003	4.277806282043457	2.5663037300109863	5.419521331787109	0.0	5.451076030731201
