Nc	R_opt	R_AQE	R_ACF	R_DQNN	R_linQ	R_opt_rand	R_AQE_rand	R_ACF_rand	R_DQNN_rand	R_linQ_rand
8	22.50373649597168	14.785088539123535	8.337430953979492	0.0	7.614062309265137	3.307436943054199	3.042067289352417	6.349442481994629	0.0	6.1293721199035645
16	22.50373649597168	17.19253158569336	8.880653381347656	0.0	8.102900505065918	3.3040268421173096	3.1975972652435303	6.350409030914307	0.0	6.118727207183838
32	22.50373649597168	19.281192779541016	9.6635160446167	0.0	8.551401138305664	3.309194803237915	3.356135845184326	6.369237899780273	0.0	6.059624671936035
64	22.50373649597168	20.138378143310547	9.890158653259277	0.0	9.169678688049316	3.2757418155670166	3.3734703063964844	6.369269371032715	0.0	6.084197044372559
100	22.50373649597168	20.1241397857666	10.479534149169922	10.464498519897461	9.594886779785156	3.3113842010498047	3.4157795906066895	6.368016242980957	6.420295715332031	6.107607364654541
128	22.50373649597168	20.205556869506836	10.343173027038574	0.0	9.852241516113281	3.285546064376831	3.4018378257751465	6.428618907928467	0.0	6.118036270141602
