Nc	R_opt	R_AQE	R_AQEnoW	R_ACF	R_DQNN	R_linQ	R_opt_rand	R_AQE_rand	R_AQEnoW_rand	R_ACF_rand	R_DQNN_rand	R_linQ_rand
14	34.98139572143555	40.90510940551758	7.143410682678223	17.843626022338867	0.0	16.886444091796875	2.2554574012756348	2.306769847869873	2.258565664291382	14.982980728149414	0.0	14.852644920349121
