Nc	R_opt	R_AQE	R_AQEnoW	R_ACF	R_DQNN	R_linQ	R_opt_rand	R_AQE_rand	R_AQEnoW_rand	R_ACF_rand	R_DQNN_rand	R_linQ_rand
40	9.975485801696777	11.0165376663208	6.349091529846191	7.9230475425720215	0.0	6.53851842880249	3.0599331855773926	3.4298388957977295	3.051616907119751	4.780827045440674	0.0	4.524171829223633
