Nc	R_opt	R_AQE	R_AQEnoW	R_ACF	R_DQNN	R_linQ	R_opt_rand	R_AQE_rand	R_AQEnoW_rand	R_ACF_rand	R_DQNN_rand	R_linQ_rand
10	18.36345672607422	13.7056245803833	5.462599277496338	8.32028579711914	0.0	6.912204742431641	2.7144417762756348	2.431981086730957	2.704721689224243	5.758944034576416	0.0	5.484424114227295
