Nc	R_opt	R_AQE	R_AQEnoW	R_ACF	R_DQNN	R_linQ	R_opt_rand	R_AQE_rand	R_AQEnoW_rand	R_ACF_rand	R_DQNN_rand	R_linQ_rand
14	18.480499267578125	13.365898132324219	6.512765884399414	7.624297618865967	0.0	6.8360185623168945	2.8083741664886475	2.5100207328796387	2.820507287979126	5.4030070304870605	0.0	5.193023681640625
