Nc	R_opt	R_AQE	R_AQEnoW	R_ACF	R_DQNN	R_linQ	R_opt_rand	R_AQE_rand	R_AQEnoW_rand	R_ACF_rand	R_DQNN_rand	R_linQ_rand
40	9.133919715881348	8.34652042388916	5.597360610961914	5.890509128570557	0.0	3.890951156616211	2.623290538787842	2.773226022720337	2.615452527999878	3.3261818885803223	0.0	2.1043624877929688
