Nc	R_opt	R_AQE	R_AQEnoW	R_ACF	R_DQNN	R_linQ	R_opt_rand	R_AQE_rand	R_AQEnoW_rand	R_ACF_rand	R_DQNN_rand	R_linQ_rand
10	33.6846923828125	36.0284538269043	5.508645534515381	17.189245223999023	0.0	16.00458526611328	2.2754642963409424	2.331774950027466	2.2766456604003906	14.359221458435059	0.0	14.318364143371582
