Nc	R_opt	R_AQE	R_AQEnoW	R_ACF	R_DQNN	R_linQ	R_opt_rand	R_AQE_rand	R_AQEnoW_rand	R_ACF_rand	R_DQNN_rand	R_linQ_rand
40	5.199286460876465	3.6852686405181885	2.837611675262451	3.220820903778076	0.0	2.1095681190490723	1.0257667303085327	1.1365784406661987	1.0258721113204956	1.1144253015518188	0.0	1.0598664283752441
