Nc	R_opt	R_AQE	R_AQEnoW	R_ACF	R_DQNN	R_linQ	R_opt_rand	R_AQE_rand	R_AQEnoW_rand	R_ACF_rand	R_DQNN_rand	R_linQ_rand
10	21.06758689880371	13.01813793182373	3.455655336380005	7.395226955413818	0.0	7.396728515625	2.5055019855499268	2.214376926422119	2.4943904876708984	6.653411388397217	0.0	6.655760765075684
