Nc	R_opt	R_AQE	R_AQEnoW	R_ACF	R_DQNN	R_linQ	R_opt_rand	R_AQE_rand	R_AQEnoW_rand	R_ACF_rand	R_DQNN_rand	R_linQ_rand
10	21.06758689880371	13.025371551513672	3.3868584632873535	7.395477771759033	0.0	7.3518171310424805	2.4991421699523926	2.2089200019836426	2.4949986934661865	6.6745100021362305	0.0	6.647684097290039
