Nc	R_opt	R_AQE	R_AQEnoW	R_ACF	R_DQNN	R_linQ	R_opt_rand	R_AQE_rand	R_AQEnoW_rand	R_ACF_rand	R_DQNN_rand	R_linQ_rand
32	21.82524871826172	11.28609848022461	3.686002254486084	6.2587809562683105	0.0	6.297177791595459	2.718130588531494	2.320910692214966	2.7254135608673096	5.6016740798950195	0.0	5.609474182128906
