Nc	R_opt	R_AQE	R_AQEnoW	R_ACF	R_DQNN	R_linQ	R_opt_rand	R_AQE_rand	R_AQEnoW_rand	R_ACF_rand	R_DQNN_rand	R_linQ_rand
32	38.465576171875	42.37937545776367	12.754602432250977	20.54465675354004	0.0	19.172168731689453	2.2172293663024902	2.2642993927001953	2.239811897277832	16.295381546020508	0.0	16.032894134521484
