Nc	R_opt	R_AQE	R_AQEnoW	R_ACF	R_DQNN	R_linQ	R_opt_rand	R_AQE_rand	R_AQEnoW_rand	R_ACF_rand	R_DQNN_rand	R_linQ_rand
40	14.276440620422363	9.903409004211426	8.760767936706543	6.850756645202637	0.0	5.484739780426025	2.8698205947875977	2.839571714401245	2.884608030319214	3.332523822784424	0.0	2.8690717220306396
