Nc	R_opt	R_AQE	R_AQEnoW	R_ACF	R_DQNN	R_linQ	R_opt_rand	R_AQE_rand	R_AQEnoW_rand	R_ACF_rand	R_DQNN_rand	R_linQ_rand
40	11.014843940734863	8.177173614501953	2.93092679977417	6.053170204162598	0.0	5.992706298828125	2.606062173843384	4.1335906982421875	2.592759609222412	5.422431945800781	0.0	5.441562175750732
