Nc	R_opt	R_AQE	R_AQEnoW	R_ACF	R_DQNN	R_linQ	R_opt_rand	R_AQE_rand	R_AQEnoW_rand	R_ACF_rand	R_DQNN_rand	R_linQ_rand
40	7.046368598937988	4.218661785125732	3.7762603759765625	3.509936571121216	0.0	2.791726589202881	1.165460467338562	1.1669052839279175	1.1648167371749878	1.140425205230713	0.0	1.1691149473190308
