Nc	R_opt	R_AQE	R_AQEnoW	R_ACF	R_DQNN	R_linQ	R_opt_rand	R_AQE_rand	R_AQEnoW_rand	R_ACF_rand	R_DQNN_rand	R_linQ_rand
40	18.22054100036621	14.306163787841797	11.541426658630371	8.358749389648438	0.0	7.1534833908081055	3.492645263671875	3.3383843898773193	3.4855690002441406	4.818326950073242	0.0	4.587924003601074
