Nc	R_opt	R_AQE	R_AQEnoW	R_ACF	R_DQNN	R_linQ	R_opt_rand	R_AQE_rand	R_AQEnoW_rand	R_ACF_rand	R_DQNN_rand	R_linQ_rand
19	18.615238189697266	13.518221855163574	7.479525566101074	7.883191108703613	0.0	6.897826194763184	2.964711904525757	2.6934664249420166	2.9775476455688477	5.154751300811768	0.0	4.972719192504883
