Nc	R_opt	R_AQE	R_AQEnoW	R_ACF	R_DQNN	R_linQ	R_opt_rand	R_AQE_rand	R_AQEnoW_rand	R_ACF_rand	R_DQNN_rand	R_linQ_rand
14	34.98139572143555	38.73813247680664	7.2045207023620605	18.129161834716797	0.0	16.919898986816406	2.26202392578125	2.2979507446289062	2.2673652172088623	14.853655815124512	0.0	14.818601608276367
