Nc	R_opt	R_AQE	R_AQEnoW	R_ACF	R_DQNN	R_linQ	R_opt_rand	R_AQE_rand	R_AQEnoW_rand	R_ACF_rand	R_DQNN_rand	R_linQ_rand
40	4.825770378112793	6.532185077667236	2.3289713859558105	6.011379241943359	0.0	5.748261451721191	2.3168256282806396	4.964528560638428	2.315317153930664	5.392974853515625	0.0	5.442249298095703
