Nc	R_opt	R_AQE	R_AQEnoW	R_ACF	R_DQNN	R_linQ	R_opt_rand	R_AQE_rand	R_AQEnoW_rand	R_ACF_rand	R_DQNN_rand	R_linQ_rand
40	3.506560802459717	2.3532748222351074	1.8125921487808228	1.891007423400879	0.0	1.140784740447998	0.49652591347694397	0.5699068307876587	0.4929516911506653	0.5197299122810364	0.0	0.4971770942211151
