Nc	R_opt	R_AQE	R_AQEnoW	R_ACF	R_DQNN	R_linQ	R_opt_rand	R_AQE_rand	R_AQEnoW_rand	R_ACF_rand	R_DQNN_rand	R_linQ_rand
25	21.7320556640625	11.553671836853027	3.5551035404205322	6.501003265380859	0.0	6.49720573425293	2.6203224658966064	2.2786030769348145	2.636460304260254	5.810923099517822	0.0	5.803189754486084
