Nc	R_opt	R_AQE	R_AQEnoW	R_ACF	R_DQNN	R_linQ	R_opt_rand	R_AQE_rand	R_AQEnoW_rand	R_ACF_rand	R_DQNN_rand	R_linQ_rand
40	4.825770378112793	2.9540047645568848	2.3786959648132324	5.962131977081299	0.0	5.750145435333252	2.308030128479004	2.051762342453003	2.3066375255584717	5.4206132888793945	0.0	5.449697494506836
