Nc	R_opt	R_AQE	R_linQ	R_rand
1	12.528217315673828	6.215536117553711	5.928403377532959	5.522480487823486
2	12.528217315673828	6.8267340660095215	5.991662502288818	5.525649070739746
4	12.528217315673828	7.851078510284424	6.456993579864502	5.518869876861572
8	12.528217315673828	8.25081729888916	6.976847171783447	5.525946140289307
16	12.528217315673828	8.514384269714355	7.802167892456055	5.520096302032471
32	12.528217315673828	9.213991165161133	8.780793190002441	5.53269100189209
64	12.528217315673828	9.978851318359375	10.15543270111084	5.519187927246094
128	12.528217315673828	10.386823654174805	10.955331802368164	5.525830268859863
