Nc	R_opt	R_AQE	R_AQEnoW	R_ACF	R_DQNN	R_linQ	R_opt_rand	R_AQE_rand	R_AQEnoW_rand	R_ACF_rand	R_DQNN_rand	R_linQ_rand
40	4.397501468658447	2.638732433319092	2.3482656478881836	2.382582426071167	0.0	1.446969985961914	0.5364305377006531	0.57094407081604	0.5361385345458984	0.5273168087005615	0.0	0.5090992450714111
