Nc	R_opt	R_AQE	R_AQEnoW	R_ACF	R_DQNN	R_linQ	R_opt_rand	R_AQE_rand	R_AQEnoW_rand	R_ACF_rand	R_DQNN_rand	R_linQ_rand
10	33.6846923828125	39.019779205322266	5.512460708618164	17.549144744873047	0.0	15.965116500854492	2.2772767543792725	2.361727714538574	2.2673072814941406	14.550285339355469	0.0	14.32084846496582
