Nc	R_opt	R_AQE	R_AQEnoW	R_ACF	R_DQNN	R_linQ	R_opt_rand	R_AQE_rand	R_AQEnoW_rand	R_ACF_rand	R_DQNN_rand	R_linQ_rand
40	7.232093334197998	5.709531784057617	4.186676025390625	4.571203231811523	0.0	3.097460985183716	1.8107296228408813	1.9209431409835815	1.8081481456756592	2.0256943702697754	0.0	1.8411394357681274
