Nc	R_opt	R_AQE	R_AQEnoW	R_ACF	R_DQNN	R_linQ	R_opt_rand	R_AQE_rand	R_AQEnoW_rand	R_ACF_rand	R_DQNN_rand	R_linQ_rand
25	18.704652786254883	13.860286712646484	9.231921195983887	8.257943153381348	0.0	6.9513936042785645	3.1780450344085693	2.9077680110931396	3.172072649002075	5.025773525238037	0.0	4.7720723152160645
