Nc	R_opt	R_AQE	R_AQEnoW	R_ACF	R_DQNN	R_linQ	R_opt_rand	R_AQE_rand	R_AQEnoW_rand	R_ACF_rand	R_DQNN_rand	R_linQ_rand
19	18.615238189697266	13.73416519165039	7.486865520477295	8.245451927185059	0.0	6.885129451751709	2.9755070209503174	2.722872257232666	2.978468179702759	5.20982551574707	0.0	4.961505889892578
