Nc	R_opt	R_AQE	R_AQEnoW	R_ACF	R_DQNN	R_linQ	R_opt_rand	R_AQE_rand	R_AQEnoW_rand	R_ACF_rand	R_DQNN_rand	R_linQ_rand
40	39.29259490966797	41.738609313964844	15.465262413024902	20.38337516784668	0.0	19.52890396118164	2.2323665618896484	2.270643949508667	2.226531982421875	16.356109619140625	0.0	16.297836303710938
