Nc	R_opt	R_AQE	R_AQEnoW	R_ACF	R_DQNN	R_linQ	R_opt_rand	R_AQE_rand	R_AQEnoW_rand	R_ACF_rand	R_DQNN_rand	R_linQ_rand
40	14.27644157409668	9.753986358642578	8.18825626373291	6.317623138427734	0.0	5.51263952255249	2.856142520904541	2.7055089473724365	2.87323260307312	3.336634397506714	0.0	3.1047909259796143
