Nc	R_opt	R_AQE	R_AQEnoW	R_ACF	R_DQNN	R_linQ	R_opt_rand	R_AQE_rand	R_AQEnoW_rand	R_ACF_rand	R_DQNN_rand	R_linQ_rand
40	14.018640518188477	6.805965423583984	3.2903225421905518	6.091871738433838	0.0	6.052602767944336	2.668272018432617	2.2911908626556396	2.6695032119750977	5.414016246795654	0.0	5.436184406280518
