Nc	R_opt	R_AQE	R_AQEnoW	R_ACF	R_DQNN	R_linQ	R_opt_rand	R_AQE_rand	R_AQEnoW_rand	R_ACF_rand	R_DQNN_rand	R_linQ_rand
40	10.00393295288086	7.538726329803467	2.857055902481079	6.047554016113281	0.0	5.939888954162598	2.54693341255188	5.4511590003967285	2.5840282440185547	5.422792434692383	0.0	5.45741605758667
