Nc	R_opt	R_AQE	R_AQEnoW	R_ACF	R_DQNN	R_linQ	R_opt_rand	R_AQE_rand	R_AQEnoW_rand	R_ACF_rand	R_DQNN_rand	R_linQ_rand
40	9.133919715881348	8.717113494873047	5.9207305908203125	6.213951110839844	0.0	4.175400733947754	2.6232962608337402	2.8027777671813965	2.613809585571289	3.311622142791748	0.0	2.4132702350616455
