Nc	R_opt	R_AQE	R_AQEnoW	R_ACF	R_DQNN	R_linQ	R_opt_rand	R_AQE_rand	R_AQEnoW_rand	R_ACF_rand	R_DQNN_rand	R_linQ_rand
40	14.27644157409668	9.636356353759766	8.170980453491211	6.405436038970947	0.0	5.492237567901611	2.865480899810791	2.83235239982605	2.867154121398926	3.334944009780884	0.0	3.1083810329437256
