Nc	R_opt	R_AQE	R_AQEnoW	R_ACF	R_DQNN	R_linQ	R_opt_rand	R_AQE_rand	R_AQEnoW_rand	R_ACF_rand	R_DQNN_rand	R_linQ_rand
14	21.374160766601562	12.510530471801758	3.3750293254852295	7.068542957305908	0.0	7.014970302581787	2.5181453227996826	2.217611074447632	2.5007612705230713	6.303365707397461	0.0	6.305139064788818
