Nc	R_opt	R_AQE	R_AQEnoW	R_ACF	R_DQNN	R_linQ	R_opt_rand	R_AQE_rand	R_AQEnoW_rand	R_ACF_rand	R_DQNN_rand	R_linQ_rand
40	14.018640518188477	10.620990753173828	3.296107292175293	6.052351474761963	0.0	6.048998832702637	2.6881372928619385	2.941023588180542	2.6886277198791504	5.464667320251465	0.0	5.442117214202881
