Nc	R_opt	R_AQE	R_AQEnoW	R_ACF	R_DQNN	R_linQ	R_opt_rand	R_AQE_rand	R_AQEnoW_rand	R_ACF_rand	R_DQNN_rand	R_linQ_rand
40	14.018640518188477	10.69067668914795	3.169583797454834	6.060680389404297	0.0	6.004189491271973	2.6807658672332764	2.9112942218780518	2.687483549118042	5.407198905944824	0.0	5.449262619018555
