Nc	R_opt	R_AQE	R_AQEnoW	R_ACF	R_DQNN	R_linQ	R_opt_rand	R_AQE_rand	R_AQEnoW_rand	R_ACF_rand	R_DQNN_rand	R_linQ_rand
40	2.1911392211914062	1.199288249015808	1.028045892715454	0.8248075246810913	0.0	0.5863479971885681	0.20616598427295685	0.22703537344932556	0.20512504875659943	0.19740505516529083	0.0	0.1996431052684784
