Nc	R_opt	R_AQE	R_ACF	R_DQNN	R_linQ	R_opt_rand	R_AQE_rand	R_ACF_rand	R_DQNN_rand	R_linQ_rand
8	10.595026016235352	4.684004783630371	3.9105288982391357	0.0	3.0266571044921875	1.910383939743042	1.761915922164917	2.0374746322631836	0.0	1.8722056150436401
16	10.595026016235352	5.3237104415893555	4.295602798461914	0.0	3.2688748836517334	1.903562068939209	1.8409433364868164	2.0494956970214844	0.0	1.9516003131866455
32	10.595026016235352	6.457761287689209	4.243705749511719	0.0	3.6665234565734863	1.918712854385376	1.8796292543411255	2.021291732788086	0.0	1.9448065757751465
64	10.595026016235352	7.402121543884277	5.024639129638672	0.0	4.080623149871826	1.908916711807251	1.9595932960510254	2.0504150390625	0.0	1.8930860757827759
100	10.595026016235352	7.700013637542725	4.854254722595215	5.5135016441345215	5.024293899536133	1.8998950719833374	1.9614031314849854	2.0373013019561768	2.0504539012908936	1.8949835300445557
128	10.595026016235352	7.7974700927734375	5.5556321144104	0.0	5.408920764923096	1.9081231355667114	1.9613173007965088	2.039778470993042	0.0	1.8928511142730713
