Nc	R_opt	R_AQE	R_AQEnoW	R_ACF	R_DQNN	R_linQ	R_opt_rand	R_AQE_rand	R_AQEnoW_rand	R_ACF_rand	R_DQNN_rand	R_linQ_rand
40	7.046370983123779	4.396021366119385	4.006866455078125	3.6370201110839844	0.0	2.7708816528320312	1.1627984046936035	1.1960231065750122	1.1613163948059082	1.090950608253479	0.0	1.1551593542099
