Nc	R_opt	R_AQE	R_AQEnoW	R_ACF	R_DQNN	R_linQ	R_opt_rand	R_AQE_rand	R_AQEnoW_rand	R_ACF_rand	R_DQNN_rand	R_linQ_rand
40	9.008528709411621	4.5100297927856445	2.7798683643341064	6.0242109298706055	0.0	5.9425787925720215	2.522867202758789	2.1827547550201416	2.525635004043579	5.408027648925781	0.0	5.455749988555908
