Nc	R_opt	R_AQE	R_AQEnoW	R_ACF	R_DQNN	R_linQ	R_opt_rand	R_AQE_rand	R_AQEnoW_rand	R_ACF_rand	R_DQNN_rand	R_linQ_rand
40	5.199286460876465	3.494499921798706	2.7784786224365234	2.9414782524108887	0.0	2.0666182041168213	1.0280147790908813	1.1416281461715698	1.0282783508300781	1.062685489654541	0.0	1.0626842975616455
