Nc	R_opt	R_AQE	R_AQEnoW	R_ACF	R_DQNN	R_linQ	R_opt_rand	R_AQE_rand	R_AQEnoW_rand	R_ACF_rand	R_DQNN_rand	R_linQ_rand
40	14.27644157409668	9.641885757446289	8.164597511291504	6.292092323303223	0.0	5.512399673461914	2.866724967956543	2.8105711936950684	2.875819206237793	3.3377952575683594	0.0	3.1148111820220947
