Nc	R_opt	R_AQE	R_AQEnoW	R_ACF	R_DQNN	R_linQ	R_opt_rand	R_AQE_rand	R_AQEnoW_rand	R_ACF_rand	R_DQNN_rand	R_linQ_rand
40	9.133919715881348	8.792299270629883	5.866414546966553	6.239541053771973	0.0	5.018669605255127	2.6327435970306396	2.7941596508026123	2.6168370246887207	3.3021931648254395	0.0	3.081052541732788
