Nc	R_opt	R_AQE	R_AQEnoW	R_ACF	R_DQNN	R_linQ	R_opt_rand	R_AQE_rand	R_AQEnoW_rand	R_ACF_rand	R_DQNN_rand	R_linQ_rand
40	10.282761573791504	6.9097771644592285	6.227450370788574	5.0612688064575195	0.0	3.997636556625366	1.9867806434631348	1.9397821426391602	1.9877135753631592	2.0387673377990723	0.0	1.9950737953186035
