Nc	R_opt	R_AQE	R_AQEnoW	R_ACF	R_DQNN	R_linQ	R_opt_rand	R_AQE_rand	R_AQEnoW_rand	R_ACF_rand	R_DQNN_rand	R_linQ_rand
40	21.9271183013916	11.005735397338867	3.723202705383301	6.037607669830322	0.0	6.149801731109619	2.7945923805236816	2.3657782077789307	2.808708429336548	5.452243804931641	0.0	5.46268892288208
