Nc	R_opt	R_AQE	R_AQEnoW	R_ACF	R_DQNN	R_linQ	R_opt_rand	R_AQE_rand	R_AQEnoW_rand	R_ACF_rand	R_DQNN_rand	R_linQ_rand
40	10.28276252746582	6.769532680511475	5.9331583976745605	4.825345993041992	0.0	3.818089723587036	1.9790499210357666	2.0007190704345703	1.9854048490524292	2.0447192192077637	0.0	1.9359523057937622
