Nc	R_opt	R_AQE	R_AQEnoW	R_ACF	R_DQNN	R_linQ	R_opt_rand	R_AQE_rand	R_AQEnoW_rand	R_ACF_rand	R_DQNN_rand	R_linQ_rand
40	3.506560802459717	2.2838616371154785	1.8013770580291748	1.9990054368972778	0.0	1.1639256477355957	0.4929216802120209	0.5583147406578064	0.4960593283176422	0.5265858769416809	0.0	0.49799612164497375
