Nc	R_opt	R_AQE	R_AQEnoW	R_ACF	R_DQNN	R_linQ	R_opt_rand	R_AQE_rand	R_AQEnoW_rand	R_ACF_rand	R_DQNN_rand	R_linQ_rand
40	7.232093334197998	5.699404716491699	4.201425075531006	4.199913501739502	0.0	3.4479408264160156	1.8059180974960327	1.915189266204834	1.8116061687469482	2.0367271900177	0.0	1.8203973770141602
