Nc	R_opt	R_AQE	R_ACF	R_DQNN	R_linQ	R_opt_rand	R_AQE_rand	R_ACF_rand	R_DQNN_rand	R_linQ_rand
8	7.037111759185791	2.83388090133667	2.5650715827941895	0.0	2.3116114139556885	1.1695098876953125	1.0030498504638672	1.1174252033233643	0.0	1.1822428703308105
16	7.037111759185791	3.3055155277252197	2.470895528793335	0.0	2.159726619720459	1.1823710203170776	1.1351213455200195	1.0584498643875122	0.0	1.1771754026412964
32	7.037111759185791	4.029874801635742	3.0190982818603516	0.0	2.597416400909424	1.178721308708191	1.162392258644104	1.0590810775756836	0.0	1.1758663654327393
64	7.037111759185791	4.737654209136963	3.047530174255371	0.0	3.153557062149048	1.1811954975128174	1.1733791828155518	1.0648994445800781	0.0	1.173930048942566
100	7.037111759185791	4.959460258483887	3.1891534328460693	3.9278998374938965	3.2735493183135986	1.1686906814575195	1.1599524021148682	1.0948700904846191	1.0831780433654785	1.1613543033599854
128	7.037111759185791	4.919642448425293	4.093624591827393	0.0	3.1822495460510254	1.1880885362625122	1.1560695171356201	1.1982523202896118	0.0	1.184371829032898
