Nc	R_opt	R_AQE	R_AQEnoW	R_ACF	R_DQNN	R_linQ	R_opt_rand	R_AQE_rand	R_AQEnoW_rand	R_ACF_rand	R_DQNN_rand	R_linQ_rand
19	36.35784912109375	42.167869567871094	8.803180694580078	18.75763702392578	0.0	17.726011276245117	2.2349605560302734	2.2882535457611084	2.239778518676758	15.337315559387207	0.0	15.342127799987793
