Nc	R_opt	R_AQE	R_AQEnoW	R_ACF	R_DQNN	R_linQ	R_opt_rand	R_AQE_rand	R_AQEnoW_rand	R_ACF_rand	R_DQNN_rand	R_linQ_rand
40	18.810108184814453	14.32981014251709	11.679927825927734	8.374069213867188	0.0	7.191577911376953	3.5029265880584717	3.3087968826293945	3.509197950363159	4.85172176361084	0.0	4.558576583862305
