Nc	R_opt	R_AQE	R_ACF	R_DQNN	R_linQ	R_opt_rand	R_AQE_rand	R_ACF_rand	R_DQNN_rand	R_linQ_rand
8	2.460557699203491	0.650357186794281	0.6213776469230652	0.0	0.642681896686554	0.22867897152900696	0.19576503336429596	0.19542235136032104	0.0	0.23038385808467865
16	2.460557699203491	0.9197259545326233	0.7813858389854431	0.0	0.5470306873321533	0.225968137383461	0.2363416999578476	0.19675317406654358	0.0	0.20197607576847076
32	2.460557699203491	1.154220461845398	0.9850717782974243	0.0	0.6165603995323181	0.22872257232666016	0.23167003691196442	0.19853575527668	0.0	0.20448385179042816
64	2.460557699203491	1.3921061754226685	1.1991071701049805	0.0	0.5804974436759949	0.2275417596101761	0.23382581770420074	0.20095975697040558	0.0	0.2163541167974472
100	2.460557699203491	1.4260884523391724	1.1243599653244019	1.2895925045013428	0.45562684535980225	0.22800594568252563	0.23284432291984558	0.2019251137971878	0.20443953573703766	0.20422351360321045
128	2.460557699203491	1.4379353523254395	1.4192371368408203	0.0	0.42483630776405334	0.22813910245895386	0.23528024554252625	0.20301438868045807	0.0	0.22652699053287506
