Nc	R_opt	R_AQE	R_AQEnoW	R_ACF	R_DQNN	R_linQ	R_opt_rand	R_AQE_rand	R_AQEnoW_rand	R_ACF_rand	R_DQNN_rand	R_linQ_rand
40	4.397500038146973	2.6183197498321533	2.243384599685669	2.1852188110351562	0.0	1.4625800848007202	0.5391570925712585	0.5871327519416809	0.5364992022514343	0.5297397375106812	0.0	0.5419216752052307
