Nc	R_opt	R_AQE	R_linQ	R_rand
2	12.526344299316406	6.18002462387085	6.034292221069336	5.529932498931885
4	12.526344299316406	6.238455295562744	6.197622299194336	5.525300979614258
8	12.526344299316406	6.281079292297363	6.701536178588867	5.519479751586914
16	12.526344299316406	6.878780364990234	7.326818466186523	5.5173773765563965
32	12.526344299316406	7.497532367706299	8.161335945129395	5.52895975112915
64	12.526344299316406	7.709242343902588	9.26643180847168	5.521481513977051
128	12.526344299316406	7.833404064178467	9.882373809814453	5.516106128692627
