Nc	R_opt	R_AQE	R_linQ	R_rand
2	12.526344299316406	5.947700023651123	6.027062892913818	5.525242328643799
4	12.526344299316406	5.998456001281738	6.006051540374756	5.529454708099365
8	12.526344299316406	6.024501323699951	6.16478967666626	5.516273498535156
16	12.526344299316406	6.066528797149658	6.007420063018799	5.5237650871276855
32	12.526344299316406	6.495823383331299	6.040382385253906	5.5215840339660645
64	12.526344299316406	6.991670608520508	5.528034210205078	5.523556709289551
128	12.526344299316406	6.629261493682861	5.526092529296875	5.519764423370361
