Nc	R_opt	R_AQE	R_AQEnoW	R_ACF	R_DQNN	R_linQ	R_opt_rand	R_AQE_rand	R_AQEnoW_rand	R_ACF_rand	R_DQNN_rand	R_linQ_rand
19	36.35784912109375	40.759647369384766	8.682723045349121	18.714847564697266	0.0	17.703853607177734	2.256113052368164	2.262375831604004	2.251070976257324	15.43432903289795	0.0	15.323615074157715
