Nc	R_opt	R_AQE	R_AQEnoW	R_ACF	R_DQNN	R_linQ	R_opt_rand	R_AQE_rand	R_AQEnoW_rand	R_ACF_rand	R_DQNN_rand	R_linQ_rand
40	9.975485801696777	11.015168190002441	6.338535785675049	7.906545162200928	0.0	6.58350133895874	3.0669705867767334	3.441042423248291	3.0535144805908203	4.81280517578125	0.0	4.514206409454346
