Nc	R_opt	R_AQE	R_AQEnoW	R_ACF	R_DQNN	R_linQ	R_opt_rand	R_AQE_rand	R_AQEnoW_rand	R_ACF_rand	R_DQNN_rand	R_linQ_rand
40	2.1911392211914062	1.187157154083252	1.0138804912567139	0.8043450713157654	0.0	0.6155762672424316	0.2038683444261551	0.2239595651626587	0.2031874656677246	0.19344058632850647	0.0	0.20451493561267853
