Nc	R_opt	R_AQE	R_AQEnoW	R_ACF	R_DQNN	R_linQ	R_opt_rand	R_AQE_rand	R_AQEnoW_rand	R_ACF_rand	R_DQNN_rand	R_linQ_rand
25	18.704652786254883	13.804262161254883	9.069413185119629	7.87819766998291	0.0	6.988091945648193	3.18149995803833	2.904480218887329	3.1576759815216064	5.029007911682129	0.0	4.7988972663879395
