Nc	R_opt	R_AQE	R_AQEnoW	R_ACF	R_DQNN	R_linQ	R_opt_rand	R_AQE_rand	R_AQEnoW_rand	R_ACF_rand	R_DQNN_rand	R_linQ_rand
40	7.046368598937988	4.088623523712158	3.9011197090148926	3.4045307636260986	0.0	2.7216074466705322	1.1630109548568726	1.1645427942276	1.162427544593811	1.0895651578903198	0.0	1.1667206287384033
