Nc	R_opt	R_AQE	R_AQEnoW	R_ACF	R_DQNN	R_linQ	R_opt_rand	R_AQE_rand	R_AQEnoW_rand	R_ACF_rand	R_DQNN_rand	R_linQ_rand
40	7.232093334197998	6.046319961547852	4.489491939544678	4.844966888427734	0.0	3.02402925491333	1.8105857372283936	1.9442332983016968	1.816520094871521	2.0438151359558105	0.0	1.8254724740982056
