Nc	R_opt	R_AQE	R_AQEnoW	R_ACF	R_DQNN	R_linQ	R_opt_rand	R_AQE_rand	R_AQEnoW_rand	R_ACF_rand	R_DQNN_rand	R_linQ_rand
40	9.6048002243042	13.101673126220703	6.1987714767456055	8.8177490234375	0.0	8.081319808959961	3.240377187728882	3.7993600368499756	3.2450814247131348	6.3228535652160645	0.0	6.051086902618408
