Nc	R_opt	R_AQE	R_AQEnoW	R_ACF	R_DQNN	R_linQ	R_opt_rand	R_AQE_rand	R_AQEnoW_rand	R_ACF_rand	R_DQNN_rand	R_linQ_rand
32	18.772438049316406	14.111152648925781	10.447549819946289	8.288290023803711	0.0	7.063581943511963	3.3041975498199463	3.1231164932250977	3.3155834674835205	4.908720970153809	0.0	4.642480373382568
