Nc	R_opt	R_AQE	R_AQEnoW	R_ACF	R_DQNN	R_linQ	R_opt_rand	R_AQE_rand	R_AQEnoW_rand	R_ACF_rand	R_DQNN_rand	R_linQ_rand
19	18.615238189697266	13.6787748336792	7.8096418380737305	7.933835506439209	0.0	6.876863956451416	2.9853289127349854	2.7251698970794678	2.9764082431793213	5.132076263427734	0.0	4.977557182312012
