Nc	R_opt	R_AQE	R_ACF	R_DQNN	R_linQ	R_opt_rand	R_AQE_rand	R_ACF_rand	R_DQNN_rand	R_linQ_rand
8	2.460557699203491	0.6665180325508118	0.6380199790000916	0.0	0.680464506149292	0.2278827577829361	0.19543848931789398	0.19927763938903809	0.0	0.22966554760932922
16	2.460557699203491	0.8253245949745178	0.8345748782157898	0.0	0.5482840538024902	0.2300407588481903	0.21695004403591156	0.1995345652103424	0.0	0.20453894138336182
32	2.460557699203491	1.1414216756820679	0.9350587725639343	0.0	0.7091102600097656	0.2297610342502594	0.23256562650203705	0.20552770793437958	0.0	0.21296852827072144
64	2.460557699203491	1.4099332094192505	1.1937658786773682	0.0	0.7725732326507568	0.22845417261123657	0.234330415725708	0.20193904638290405	0.0	0.20321907103061676
100	2.460557699203491	1.3636841773986816	1.2486213445663452	1.3289932012557983	0.8177725672721863	0.22789013385772705	0.22527018189430237	0.20362749695777893	0.20088669657707214	0.21978214383125305
128	2.460557699203491	1.4840984344482422	1.4220279455184937	0.0	0.720570981502533	0.2275107353925705	0.2349560707807541	0.2019488662481308	0.0	0.2114473283290863
