Nc	R_opt	R_AQE	R_AQEnoW	R_ACF	R_DQNN	R_linQ	R_opt_rand	R_AQE_rand	R_AQEnoW_rand	R_ACF_rand	R_DQNN_rand	R_linQ_rand
40	9.975485801696777	11.2111177444458	6.573992729187012	8.141251564025879	0.0	6.6612138748168945	3.0634496212005615	3.4078686237335205	3.0602028369903564	4.8151164054870605	0.0	4.537922382354736
