Nc	R_opt	R_AQE	R_AQEnoW	R_ACF	R_DQNN	R_linQ	R_opt_rand	R_AQE_rand	R_AQEnoW_rand	R_ACF_rand	R_DQNN_rand	R_linQ_rand
40	11.014843940734863	10.177715301513672	2.959571123123169	6.029694080352783	0.0	6.003046989440918	2.6087565422058105	2.9921934604644775	2.581937551498413	5.406401634216309	0.0	5.451717376708984
