Nc	R_opt	R_AQE	R_AQEnoW	R_ACF	R_DQNN	R_linQ	R_opt_rand	R_AQE_rand	R_AQEnoW_rand	R_ACF_rand	R_DQNN_rand	R_linQ_rand
40	2.657137155532837	1.409331202507019	1.3207154273986816	1.1014931201934814	0.0	0.7587484121322632	0.21678613126277924	0.22274069488048553	0.21665194630622864	0.20227357745170593	0.0	0.21578502655029297
