Nc	R_opt	R_AQE	R_AQEnoW	R_ACF	R_DQNN	R_linQ	R_opt_rand	R_AQE_rand	R_AQEnoW_rand	R_ACF_rand	R_DQNN_rand	R_linQ_rand
40	9.604801177978516	13.21356201171875	6.355043888092041	9.625081062316895	0.0	8.2495698928833	3.262342691421509	3.7701869010925293	3.2390365600585938	6.359608173370361	0.0	6.104742050170898
