Nc	R_opt	R_ACF	R_opt_rand	R_ACF_rand
100	22.504125595092773	10.549015045166016	3.2849273681640625	6.411685943603516
