Nc	R_opt	R_AQE	R_AQEnoW	R_ACF	R_DQNN	R_linQ	R_opt_rand	R_AQE_rand	R_AQEnoW_rand	R_ACF_rand	R_DQNN_rand	R_linQ_rand
40	18.22054100036621	14.258807182312012	11.414426803588867	8.070538520812988	0.0	7.091292858123779	3.4996747970581055	3.3350412845611572	3.5014514923095703	4.847653865814209	0.0	4.538650989532471
