Nc	R_opt	R_AQE	R_AQEnoW	R_ACF	R_DQNN	R_linQ	R_opt_rand	R_AQE_rand	R_AQEnoW_rand	R_ACF_rand	R_DQNN_rand	R_linQ_rand
14	18.480499267578125	13.649235725402832	6.629212379455566	7.804608345031738	0.0	6.862401962280273	2.81943941116333	2.548161029815674	2.837766647338867	5.4306864738464355	0.0	5.201175689697266
