Nc	R_opt	R_AQE	R_AQEnoW	R_ACF	R_DQNN	R_linQ	R_opt_rand	R_AQE_rand	R_AQEnoW_rand	R_ACF_rand	R_DQNN_rand	R_linQ_rand
40	7.232093334197998	5.79483699798584	4.266058444976807	4.767210960388184	0.0	2.9436147212982178	1.808191180229187	1.9255337715148926	1.8058819770812988	2.0488507747650146	0.0	1.837514042854309
