Nc	R_opt	R_AQE	R_AQEnoW	R_ACF	R_DQNN	R_linQ	R_opt_rand	R_AQE_rand	R_AQEnoW_rand	R_ACF_rand	R_DQNN_rand	R_linQ_rand
40	7.232093334197998	5.977031707763672	4.494843482971191	4.6199541091918945	0.0	3.0263824462890625	1.8119410276412964	1.9068493843078613	1.8112622499465942	2.059556722640991	0.0	1.827836275100708
