Nc	R_opt	R_AQE	R_ACF	R_DQNN	R_linQ	R_opt_rand	R_AQE_rand	R_ACF_rand	R_DQNN_rand	R_linQ_rand
8	14.802499771118164	6.865495204925537	5.214789867401123	0.0	4.411264419555664	2.6972835063934326	2.635122537612915	3.320694923400879	0.0	3.067789077758789
16	14.802499771118164	8.232274055480957	5.875237941741943	0.0	4.860907077789307	2.694293975830078	2.7497305870056152	3.337463617324829	0.0	3.0921437740325928
32	14.802499771118164	9.595857620239258	6.05649471282959	0.0	5.336611747741699	2.7138307094573975	2.8007559776306152	3.304455280303955	0.0	3.069748878479004
64	14.802499771118164	11.03000545501709	6.697483539581299	0.0	5.9282965660095215	2.712580680847168	2.7421982288360596	3.3401694297790527	0.0	3.086491823196411
100	14.802499771118164	10.668978691101074	7.317216396331787	7.139721870422363	6.361948490142822	2.6989669799804688	2.8770108222961426	3.3562636375427246	3.3450443744659424	3.111691951751709
128	14.802499771118164	10.772761344909668	5.793859004974365	0.0	5.405237674713135	2.6928184032440186	2.857511281967163	3.3118937015533447	0.0	2.585975170135498
