Nc	R_opt	R_AQE	R_AQEnoW	R_ACF	R_DQNN	R_linQ	R_opt_rand	R_AQE_rand	R_AQEnoW_rand	R_ACF_rand	R_DQNN_rand	R_linQ_rand
40	20.43598747253418	10.86650562286377	3.725003480911255	6.063847541809082	0.0	6.125922679901123	2.791811943054199	2.9004878997802734	2.7960944175720215	5.4225006103515625	0.0	5.4645256996154785
