Nc	R_opt	R_AQE	R_ACF	R_DQNN	R_linQ	R_opt_rand	R_AQE_rand	R_ACF_rand	R_DQNN_rand	R_linQ_rand
8	4.286716461181641	1.4141629934310913	1.3391764163970947	0.0	1.2502683401107788	0.5349718332290649	0.4879301190376282	0.5149105787277222	0.0	0.5474825501441956
16	4.286716461181641	1.747261643409729	1.5112335681915283	0.0	1.1674511432647705	0.5340250134468079	0.5493917465209961	0.5094652771949768	0.0	0.5418516397476196
32	4.286716461181641	2.3052780628204346	1.9856798648834229	0.0	1.2533613443374634	0.5348373651504517	0.585576057434082	0.5050004720687866	0.0	0.540446937084198
64	4.286716461181641	2.599738121032715	2.108140707015991	0.0	1.135237455368042	0.5373255014419556	0.5759810209274292	0.5155028700828552	0.0	0.5384600162506104
100	4.286716461181641	2.6855552196502686	2.48415207862854	2.451369047164917	0.8964133858680725	0.5339404344558716	0.5778576731681824	0.5301010012626648	0.5287122130393982	0.5323004126548767
128	4.286716461181641	2.648618698120117	2.8362207412719727	0.0	0.8419336676597595	0.5332769155502319	0.5671379566192627	0.5108872056007385	0.0	0.530758261680603
