Nc	R_opt	R_AQE	R_AQEnoW	R_ACF	R_DQNN	R_linQ	R_opt_rand	R_AQE_rand	R_AQEnoW_rand	R_ACF_rand	R_DQNN_rand	R_linQ_rand
10	33.6846923828125	38.98842239379883	5.549422740936279	16.96539878845215	0.0	16.034210205078125	2.2696945667266846	2.335963726043701	2.2889859676361084	14.515618324279785	0.0	14.327579498291016
