Nc	R_opt	R_AQE	R_AQEnoW	R_ACF	R_DQNN	R_linQ	R_opt_rand	R_AQE_rand	R_AQEnoW_rand	R_ACF_rand	R_DQNN_rand	R_linQ_rand
40	11.014843940734863	8.072602272033691	2.902500867843628	5.96268892288208	0.0	5.977747440338135	2.6006999015808105	4.157315254211426	2.5969369411468506	5.431256294250488	0.0	5.457521915435791
