Nc	R_opt	R_AQE	R_AQEnoW	R_ACF	R_DQNN	R_linQ	R_opt_rand	R_AQE_rand	R_AQEnoW_rand	R_ACF_rand	R_DQNN_rand	R_linQ_rand
40	9.6048002243042	13.060659408569336	6.255288600921631	9.584540367126465	0.0	8.180624961853027	3.247072219848633	3.7944655418395996	3.245435953140259	6.393311500549316	0.0	6.082231044769287
