Nc	R_opt	R_AQE	R_AQEnoW	R_ACF	R_DQNN	R_linQ	R_opt_rand	R_AQE_rand	R_AQEnoW_rand	R_ACF_rand	R_DQNN_rand	R_linQ_rand
40	3.506561279296875	2.096226453781128	1.6965813636779785	1.8538521528244019	0.0	1.1447455883026123	0.4996149241924286	0.5542153716087341	0.4960407614707947	0.5150732398033142	0.0	0.5083170533180237
