Nc	R_opt	R_AQE	R_AQEnoW	R_ACF	R_DQNN	R_linQ	R_opt_rand	R_AQE_rand	R_AQEnoW_rand	R_ACF_rand	R_DQNN_rand	R_linQ_rand
40	18.22054100036621	14.12078857421875	11.356354713439941	8.364570617675781	0.0	7.10851526260376	3.4848921298980713	3.3105616569519043	3.4807088375091553	4.8271684646606445	0.0	4.582652568817139
