Nc	R_opt	R_AQE	R_AQEnoW	R_ACF	R_DQNN	R_linQ	R_opt_rand	R_AQE_rand	R_AQEnoW_rand	R_ACF_rand	R_DQNN_rand	R_linQ_rand
40	2.7455050945281982	6.406301498413086	2.139676809310913	5.5398688316345215	0.0	5.388004779815674	2.126997470855713	5.000199317932129	2.1240041255950928	5.303812026977539	0.0	5.282399654388428
