Nc	R_opt	R_AQE	R_AQEnoW	R_ACF	R_DQNN	R_linQ	R_opt_rand	R_AQE_rand	R_AQEnoW_rand	R_ACF_rand	R_DQNN_rand	R_linQ_rand
40	2.7455050945281982	6.42710542678833	2.1447811126708984	5.504060745239258	0.0	5.32333517074585	2.1410162448883057	4.986704349517822	2.1218342781066895	5.385091781616211	0.0	5.231049537658691
