Nc	R_opt	R_AQE	R_AQEnoW	R_ACF	R_DQNN	R_linQ	R_opt_rand	R_AQE_rand	R_AQEnoW_rand	R_ACF_rand	R_DQNN_rand	R_linQ_rand
40	9.008528709411621	6.598381042480469	2.7815420627593994	6.015700340270996	0.0	5.94172477722168	2.5301883220672607	4.9417548179626465	2.5131523609161377	5.4569993019104	0.0	5.4147210121154785
