Nc	R_opt	R_AQE	R_ACF	R_DQNN	R_linQ	R_opt_rand	R_AQE_rand	R_ACF_rand	R_DQNN_rand	R_linQ_rand
8	2.460557222366333	0.6547805666923523	0.5911148190498352	0.0	0.4860911965370178	0.22811083495616913	0.1962578147649765	0.20068030059337616	0.0	0.2254318743944168
16	2.460557222366333	0.835161030292511	0.7340980172157288	0.0	0.5111640691757202	0.22738951444625854	0.22221742570400238	0.20304535329341888	0.0	0.19167476892471313
32	2.460557222366333	1.1175614595413208	0.9008492231369019	0.0	0.683944582939148	0.2286403477191925	0.22681015729904175	0.2030695676803589	0.0	0.20906002819538116
64	2.460557222366333	1.382650375366211	1.234639048576355	0.0	0.8322579860687256	0.22652775049209595	0.23464447259902954	0.20367106795310974	0.0	0.19498702883720398
100	2.460557222366333	1.5313526391983032	0.4952927529811859	1.350919485092163	0.9305453896522522	0.22798337042331696	0.23493139445781708	0.20107649266719818	0.20164863765239716	0.19388344883918762
128	2.460557222366333	1.5121817588806152	1.3712515830993652	0.0	0.9195544719696045	0.22877751290798187	0.23420250415802002	0.20353643596172333	0.0	0.19785486161708832
