Nc	R_opt	R_AQE	R_AQEnoW	R_ACF	R_DQNN	R_linQ	R_opt_rand	R_AQE_rand	R_AQEnoW_rand	R_ACF_rand	R_DQNN_rand	R_linQ_rand
10	18.36345672607422	13.658191680908203	5.588062763214111	8.476483345031738	0.0	6.935499668121338	2.6932425498962402	2.4365200996398926	2.706631660461426	5.771522521972656	0.0	5.5021538734436035
