Nc	R_opt	R_AQE	R_AQEnoW	R_ACF	R_DQNN	R_linQ	R_opt_rand	R_AQE_rand	R_AQEnoW_rand	R_ACF_rand	R_DQNN_rand	R_linQ_rand
40	2.657137155532837	1.4463566541671753	1.3117663860321045	1.1010055541992188	0.0	0.7410427927970886	0.21716149151325226	0.22827370464801788	0.2167503386735916	0.2011256068944931	0.0	0.2073928713798523
