Nc	R_opt	R_AQE	R_AQEnoW	R_ACF	R_DQNN	R_linQ	R_opt_rand	R_AQE_rand	R_AQEnoW_rand	R_ACF_rand	R_DQNN_rand	R_linQ_rand
19	21.558584213256836	11.978768348693848	3.3741557598114014	6.769275665283203	0.0	6.772588729858398	2.5706257820129395	2.235598087310791	2.563584804534912	6.005212306976318	0.0	6.025153160095215
