Nc	R_opt	R_AQE	R_AQEnoW	R_ACF	R_DQNN	R_linQ	R_opt_rand	R_AQE_rand	R_AQEnoW_rand	R_ACF_rand	R_DQNN_rand	R_linQ_rand
40	9.133919715881348	8.79769229888916	5.860081672668457	6.173968315124512	0.0	5.006843566894531	2.6258976459503174	2.8150157928466797	2.6087701320648193	3.286285161972046	0.0	3.0789811611175537
