Nc	R_opt	R_AQE	R_AQEnoW	R_ACF	R_DQNN	R_linQ	R_opt_rand	R_AQE_rand	R_AQEnoW_rand	R_ACF_rand	R_DQNN_rand	R_linQ_rand
40	9.008528709411621	4.5163044929504395	2.803067684173584	5.954439163208008	0.0	5.988589763641357	2.5267162322998047	2.1859052181243896	2.503786563873291	5.386521339416504	0.0	5.4498982429504395
