Nc	R_opt	R_AQE	R_AQEnoW	R_ACF	R_DQNN	R_linQ	R_opt_rand	R_AQE_rand	R_AQEnoW_rand	R_ACF_rand	R_DQNN_rand	R_linQ_rand
32	38.465576171875	43.01778793334961	13.227897644042969	20.538305282592773	0.0	19.08692741394043	2.2298314571380615	2.2575087547302246	2.233118772506714	16.30987548828125	0.0	16.02371597290039
