Nc	R_opt	R_AQE	R_AQEnoW	R_ACF	R_DQNN	R_linQ	R_opt_rand	R_AQE_rand	R_AQEnoW_rand	R_ACF_rand	R_DQNN_rand	R_linQ_rand
40	2.657137155532837	1.4033030271530151	1.3189852237701416	1.1471874713897705	0.0	0.7366845607757568	0.21491019427776337	0.22720350325107574	0.2173108160495758	0.20075556635856628	0.0	0.20631322264671326
