Nc	R_opt	R_AQE	R_AQEnoW	R_ACF	R_DQNN	R_linQ	R_opt_rand	R_AQE_rand	R_AQEnoW_rand	R_ACF_rand	R_DQNN_rand	R_linQ_rand
25	37.29243087768555	41.50986099243164	10.532089233398438	19.074342727661133	0.0	18.408300399780273	2.234780788421631	2.2509000301361084	2.2261404991149902	15.707653045654297	0.0	15.71065902709961
