Nc	R_opt	R_AQE	R_AQEnoW	R_ACF	R_DQNN	R_linQ	R_opt_rand	R_AQE_rand	R_AQEnoW_rand	R_ACF_rand	R_DQNN_rand	R_linQ_rand
40	2.657137155532837	1.4323467016220093	1.34297776222229	1.3084932565689087	0.0	0.7755801677703857	0.2167876958847046	0.22526049613952637	0.21717949211597443	0.20265299081802368	0.0	0.2021636962890625
