Nc	R_opt	R_AQE	R_AQEnoW	R_ACF	R_DQNN	R_linQ	R_opt_rand	R_AQE_rand	R_AQEnoW_rand	R_ACF_rand	R_DQNN_rand	R_linQ_rand
25	21.7320556640625	11.652703285217285	3.5002853870391846	6.502492904663086	0.0	6.43292236328125	2.6446268558502197	2.286123275756836	2.6199100017547607	5.8238301277160645	0.0	5.792488098144531
