Nc	R_opt	R_AQE	R_AQEnoW	R_ACF	R_DQNN	R_linQ	R_opt_rand	R_AQE_rand	R_AQEnoW_rand	R_ACF_rand	R_DQNN_rand	R_linQ_rand
40	9.975485801696777	11.301356315612793	6.509936332702637	8.023355484008789	0.0	6.624235153198242	3.0480635166168213	3.4353229999542236	3.069490432739258	4.760037422180176	0.0	4.492611408233643
