Nc	R_opt	R_AQE	R_AQEnoW	R_ACF	R_DQNN	R_linQ	R_opt_rand	R_AQE_rand	R_AQEnoW_rand	R_ACF_rand	R_DQNN_rand	R_linQ_rand
40	4.825770378112793	2.9363486766815186	2.379566192626953	6.016247272491455	0.0	5.73246431350708	2.3048529624938965	2.0533063411712646	2.319809913635254	5.42563009262085	0.0	5.4453043937683105
