Nc	R_opt	R_AQE	R_AQEnoW	R_ACF	R_DQNN	R_linQ	R_opt_rand	R_AQE_rand	R_AQEnoW_rand	R_ACF_rand	R_DQNN_rand	R_linQ_rand
40	10.28276252746582	6.813994407653809	5.762668609619141	4.899053573608398	0.0	3.992703914642334	1.9875681400299072	1.959641933441162	1.9876124858856201	2.044664144515991	0.0	1.9968374967575073
