Nc	R_opt	R_AQE	R_AQEnoW	R_ACF	R_DQNN	R_linQ	R_opt_rand	R_AQE_rand	R_AQEnoW_rand	R_ACF_rand	R_DQNN_rand	R_linQ_rand
40	9.604801177978516	14.360212326049805	6.3249192237854	9.39668083190918	0.0	8.255441665649414	3.2591731548309326	3.4250996112823486	3.2392687797546387	6.353618144989014	0.0	6.094326019287109
