Nc	R_opt	R_AQE	R_AQEnoW	R_ACF	R_DQNN	R_linQ	R_opt_rand	R_AQE_rand	R_AQEnoW_rand	R_ACF_rand	R_DQNN_rand	R_linQ_rand
40	39.29259490966797	40.92319107055664	15.77816390991211	20.162534713745117	0.0	19.811927795410156	2.227186441421509	2.2777090072631836	2.2328732013702393	16.333751678466797	0.0	16.37043571472168
