Nc	R_opt	R_AQE	R_ACF	R_DQNN	R_linQ	R_opt_rand	R_AQE_rand	R_ACF_rand	R_DQNN_rand	R_linQ_rand
8	4.286715507507324	1.4788546562194824	1.2814764976501465	0.0	1.0171971321105957	0.5325098037719727	0.4958643317222595	0.5281231999397278	0.0	0.5404354333877563
16	4.286715507507324	1.5635406970977783	1.6914057731628418	0.0	1.149493932723999	0.5371041893959045	0.5506753921508789	0.535783588886261	0.0	0.5419061183929443
32	4.286715507507324	2.108315944671631	1.9055134057998657	0.0	1.341963291168213	0.5381098389625549	0.5745397210121155	0.5387235879898071	0.0	0.53205406665802
64	4.286715507507324	2.6231167316436768	2.118692398071289	0.0	1.5534873008728027	0.5340129733085632	0.5757142305374146	0.5290853977203369	0.0	0.5005250573158264
100	4.286715507507324	2.6588094234466553	2.4037346839904785	2.53635835647583	1.6614104509353638	0.5380103588104248	0.5607367753982544	0.5365884900093079	0.5289974212646484	0.48816347122192383
128	4.286715507507324	2.887573480606079	2.106553077697754	0.0	1.5874660015106201	0.5349733233451843	0.5829092860221863	0.524568498134613	0.0	0.46339064836502075
