Nc	R_opt	R_AQE	R_AQEnoW	R_ACF	R_DQNN	R_linQ	R_opt_rand	R_AQE_rand	R_AQEnoW_rand	R_ACF_rand	R_DQNN_rand	R_linQ_rand
10	18.36345672607422	13.520672798156738	5.594651222229004	8.499167442321777	0.0	6.919890403747559	2.6964361667633057	2.4321649074554443	2.701732635498047	5.7524003982543945	0.0	5.505612850189209
