Nc	R_opt	R_AQE	R_AQEnoW	R_ACF	R_DQNN	R_linQ	R_opt_rand	R_AQE_rand	R_AQEnoW_rand	R_ACF_rand	R_DQNN_rand	R_linQ_rand
40	14.018640518188477	6.8086347579956055	3.2423629760742188	6.113127708435059	0.0	6.021220684051514	2.6794283390045166	2.2865211963653564	2.6793951988220215	5.47171688079834	0.0	5.450097560882568
