Nc	R_opt	R_AQE	R_AQEnoW	R_ACF	R_DQNN	R_linQ	R_opt_rand	R_AQE_rand	R_AQEnoW_rand	R_ACF_rand	R_DQNN_rand	R_linQ_rand
40	2.7455050945281982	2.165379285812378	2.1532812118530273	5.625053882598877	0.0	5.44336462020874	2.127039909362793	1.9794429540634155	2.14250111579895	5.328863143920898	0.0	5.37333869934082
