Nc	R_opt	R_AQE	R_AQEnoW	R_ACF	R_DQNN	R_linQ	R_opt_rand	R_AQE_rand	R_AQEnoW_rand	R_ACF_rand	R_DQNN_rand	R_linQ_rand
40	7.232093334197998	5.975735187530518	4.38607120513916	4.901771545410156	0.0	3.0500831604003906	1.8053743839263916	1.9434003829956055	1.8091089725494385	2.079927921295166	0.0	1.8204296827316284
