Nc	R_opt	R_AQE	R_AQEnoW	R_ACF	R_DQNN	R_linQ	R_opt_rand	R_AQE_rand	R_AQEnoW_rand	R_ACF_rand	R_DQNN_rand	R_linQ_rand
40	7.046370983123779	4.4744062423706055	4.092648029327393	3.813890218734741	0.0	2.736887216567993	1.1736254692077637	1.1784265041351318	1.1641172170639038	1.1586198806762695	0.0	1.1658153533935547
