Nc	R_opt	R_AQE	R_AQEnoW	R_ACF	R_DQNN	R_linQ	R_opt_rand	R_AQE_rand	R_AQEnoW_rand	R_ACF_rand	R_DQNN_rand	R_linQ_rand
40	18.110700607299805	10.791715621948242	3.417008399963379	6.052113056182861	0.0	6.758899688720703	2.773836135864258	2.9263205528259277	2.757514238357544	5.423992156982422	0.0	5.260481834411621
