Nc	R_opt	R_AQE	R_AQEnoW	R_ACF	R_DQNN	R_linQ	R_opt_rand	R_AQE_rand	R_AQEnoW_rand	R_ACF_rand	R_DQNN_rand	R_linQ_rand
40	7.046368598937988	4.098266124725342	3.9534881114959717	3.717634677886963	0.0	2.761399507522583	1.168466329574585	1.167630672454834	1.1573288440704346	1.1494423151016235	0.0	1.1718286275863647
