Nc	R_opt	R_AQE	R_AQEnoW	R_ACF	R_DQNN	R_linQ	R_opt_rand	R_AQE_rand	R_AQEnoW_rand	R_ACF_rand	R_DQNN_rand	R_linQ_rand
40	21.211997985839844	18.94525146484375	13.11826229095459	10.007675170898438	0.0	8.78382396697998	3.7264933586120605	3.714761257171631	3.7314260005950928	6.416919231414795	0.0	6.138038158416748
