Nc	R_opt	R_AQE	R_AQEnoW	R_ACF	R_DQNN	R_linQ	R_opt_rand	R_AQE_rand	R_AQEnoW_rand	R_ACF_rand	R_DQNN_rand	R_linQ_rand
40	5.199286937713623	3.8167693614959717	2.99288010597229	3.3612468242645264	0.0	1.9891914129257202	1.029739260673523	1.143073320388794	1.0294063091278076	1.0962687730789185	0.0	1.0638887882232666
