Nc	R_opt	R_AQE	R_AQEnoW	R_ACF	R_DQNN	R_linQ	R_opt_rand	R_AQE_rand	R_AQEnoW_rand	R_ACF_rand	R_DQNN_rand	R_linQ_rand
40	9.008528709411621	6.905692100524902	2.7784230709075928	6.13347864151001	0.0	5.94642972946167	2.525009870529175	4.827467918395996	2.5270204544067383	5.462796211242676	0.0	5.447423458099365
