Nc	R_opt	R_AQE	R_AQEnoW	R_ACF	R_DQNN	R_linQ	R_opt_rand	R_AQE_rand	R_AQEnoW_rand	R_ACF_rand	R_DQNN_rand	R_linQ_rand
19	18.615238189697266	13.4647216796875	7.807046890258789	7.92737340927124	0.0	6.869296550750732	2.985889196395874	2.717275619506836	2.9856321811676025	5.152789115905762	0.0	4.960166931152344
