Nc	R_opt	R_AQE	R_AQEnoW	R_ACF	R_DQNN	R_linQ	R_opt_rand	R_AQE_rand	R_AQEnoW_rand	R_ACF_rand	R_DQNN_rand	R_linQ_rand
40	4.825770378112793	6.529232501983643	2.3792641162872314	6.0168538093566895	0.0	5.649949550628662	2.3150506019592285	4.972375869750977	2.3100392818450928	5.47253942489624	0.0	5.290267467498779
