Nc	R_opt	R_AQE	R_AQEnoW	R_ACF	R_DQNN	R_linQ	R_opt_rand	R_AQE_rand	R_AQEnoW_rand	R_ACF_rand	R_DQNN_rand	R_linQ_rand
40	14.018640518188477	6.790069580078125	3.20194149017334	6.104584693908691	0.0	6.354280471801758	2.671642780303955	2.2868709564208984	2.698699474334717	5.4383344650268555	0.0	5.350801944732666
