Nc	R_opt	R_AQE	R_AQEnoW	R_ACF	R_DQNN	R_linQ	R_opt_rand	R_AQE_rand	R_AQEnoW_rand	R_ACF_rand	R_DQNN_rand	R_linQ_rand
40	18.22054100036621	14.072710990905762	11.393386840820312	8.193145751953125	0.0	7.1694865226745605	3.483522653579712	3.3572471141815186	3.4916136264801025	4.831827640533447	0.0	4.559478759765625
