Nc	R_opt	R_AQE	R_AQEnoW	R_ACF	R_DQNN	R_linQ	R_opt_rand	R_AQE_rand	R_AQEnoW_rand	R_ACF_rand	R_DQNN_rand	R_linQ_rand
40	10.28276252746582	6.647797584533691	5.888476848602295	4.650120258331299	0.0	3.757416248321533	1.9854130744934082	1.9665274620056152	1.9899585247039795	2.049161911010742	0.0	1.9535759687423706
