Nc	R_opt	R_AQE	R_AQEnoW	R_ACF	R_DQNN	R_linQ	R_opt_rand	R_AQE_rand	R_AQEnoW_rand	R_ACF_rand	R_DQNN_rand	R_linQ_rand
40	39.29259490966797	44.103694915771484	15.65694808959961	21.495769500732422	0.0	19.76963996887207	2.2260382175445557	2.251757860183716	2.2227413654327393	16.515676498413086	0.0	16.317874908447266
