Nc	R_opt	R_AQE	R_AQEnoW	R_ACF	R_DQNN	R_linQ	R_opt_rand	R_AQE_rand	R_AQEnoW_rand	R_ACF_rand	R_DQNN_rand	R_linQ_rand
40	2.657137155532837	1.5251808166503906	1.3271205425262451	1.1832807064056396	0.0	0.8424631357192993	0.21930646896362305	0.22683486342430115	0.21661457419395447	0.20271512866020203	0.0	0.21644440293312073
