Nc	R_opt	R_AQE	R_AQEnoW	R_ACF	R_DQNN	R_linQ	R_opt_rand	R_AQE_rand	R_AQEnoW_rand	R_ACF_rand	R_DQNN_rand	R_linQ_rand
40	21.211997985839844	18.885791778564453	12.980459213256836	10.076937675476074	0.0	8.7498140335083	3.7411210536956787	3.696547508239746	3.7353456020355225	6.444235324859619	0.0	6.093857765197754
