Nc	R_opt	R_AQE	R_AQEnoW	R_ACF	R_DQNN	R_linQ	R_opt_rand	R_AQE_rand	R_AQEnoW_rand	R_ACF_rand	R_DQNN_rand	R_linQ_rand
40	20.43598747253418	10.091279983520508	3.630748748779297	5.971917152404785	0.0	6.775144577026367	2.792808771133423	2.337474822998047	2.795902967453003	5.43041467666626	0.0	5.245607852935791
