Nc	R_opt	R_AQE	R_AQEnoW	R_ACF	R_DQNN	R_linQ	R_opt_rand	R_AQE_rand	R_AQEnoW_rand	R_ACF_rand	R_DQNN_rand	R_linQ_rand
40	5.199286460876465	3.606707811355591	2.834449291229248	2.6889736652374268	0.0	2.1046531200408936	1.0298469066619873	1.1378344297409058	1.0310906171798706	1.0656909942626953	0.0	1.0666671991348267
