Nc	R_opt	R_AQE	R_ACF	R_DQNN	R_linQ	R_opt_rand	R_AQE_rand	R_ACF_rand	R_DQNN_rand	R_linQ_rand
8	18.87880516052246	11.298623085021973	7.959448337554932	0.0	6.069059371948242	3.144930839538574	2.6774744987487793	3.554032802581787	0.0	4.572777271270752
16	18.87880516052246	12.23100471496582	8.481792449951172	0.0	6.459366321563721	3.1251769065856934	2.8922224044799805	3.4877822399139404	0.0	4.563663959503174
32	18.87880516052246	14.165482521057129	9.495859146118164	0.0	7.000389575958252	3.124476194381714	3.009942054748535	3.5239737033843994	0.0	4.530139923095703
64	18.87880516052246	15.60765552520752	7.876532554626465	0.0	7.5862507820129395	3.142008066177368	3.1583876609802246	3.4039697647094727	0.0	4.572967052459717
100	18.87880516052246	16.230854034423828	7.963571071624756	11.126069068908691	8.65857982635498	3.1221511363983154	3.173640012741089	3.4746224880218506	3.300978422164917	2.497091054916382
128	18.87880516052246	16.28843116760254	8.197301864624023	0.0	8.209863662719727	3.118964195251465	3.160984754562378	3.534137487411499	0.0	4.563833713531494
