Nc	R_opt	R_AQE	R_AQEnoW	R_ACF	R_DQNN	R_linQ	R_opt_rand	R_AQE_rand	R_AQEnoW_rand	R_ACF_rand	R_DQNN_rand	R_linQ_rand
40	4.397500038146973	2.3874752521514893	2.1750285625457764	1.990095853805542	0.0	1.4713096618652344	0.537150502204895	0.555039644241333	0.5389914512634277	0.5161235928535461	0.0	0.5394781231880188
