Nc	R_opt	R_AQE	R_AQEnoW	R_ACF	R_DQNN	R_linQ	R_opt_rand	R_AQE_rand	R_AQEnoW_rand	R_ACF_rand	R_DQNN_rand	R_linQ_rand
10	21.06758689880371	13.01296329498291	3.215313196182251	7.42329216003418	0.0	7.378337383270264	2.4935178756713867	2.2219533920288086	2.5031449794769287	6.664471626281738	0.0	6.653355121612549
