Nc	R_opt	R_AQE	R_AQEnoW	R_ACF	R_DQNN	R_linQ	R_opt_rand	R_AQE_rand	R_AQEnoW_rand	R_ACF_rand	R_DQNN_rand	R_linQ_rand
40	4.397501468658447	2.6384170055389404	2.32384991645813	2.1417863368988037	0.0	1.395430088043213	0.5355044007301331	0.578904926776886	0.5393913984298706	0.5326401591300964	0.0	0.4992775321006775
