Nc	R_opt	R_AQE	R_AQEnoW	R_ACF	R_DQNN	R_linQ	R_opt_rand	R_AQE_rand	R_AQEnoW_rand	R_ACF_rand	R_DQNN_rand	R_linQ_rand
32	21.82524871826172	11.249399185180664	3.7549116611480713	6.312778949737549	0.0	6.23195219039917	2.7103991508483887	2.3155994415283203	2.7153706550598145	5.6176910400390625	0.0	5.578945636749268
