Nc	R_opt	R_AQE	R_AQEnoW	R_ACF	R_DQNN	R_linQ	R_opt_rand	R_AQE_rand	R_AQEnoW_rand	R_ACF_rand	R_DQNN_rand	R_linQ_rand
40	14.018640518188477	10.496798515319824	3.2425522804260254	6.0368266105651855	0.0	6.604936599731445	2.6847965717315674	2.9549431800842285	2.680094003677368	5.437659740447998	0.0	5.246003150939941
