Nc	R_opt	R_AQE	R_ACF	R_DQNN	R_linQ	R_opt_rand	R_AQE_rand	R_ACF_rand	R_DQNN_rand	R_linQ_rand
8	18.878808975219727	10.979496955871582	7.047513008117676	0.0	6.012734413146973	3.121311902999878	2.6259074211120605	4.750288009643555	0.0	4.517114639282227
16	18.878808975219727	12.183658599853516	6.805942058563232	0.0	6.4545392990112305	3.122197389602661	2.873669147491455	4.791085243225098	0.0	4.556849479675293
32	18.878808975219727	14.061944961547852	7.8087897300720215	0.0	6.974771499633789	3.131819486618042	3.010427951812744	4.800961017608643	0.0	4.55252742767334
64	18.878808975219727	15.623082160949707	7.571911334991455	0.0	7.491103172302246	3.1342837810516357	3.113138437271118	4.818171977996826	0.0	2.6857645511627197
100	18.878808975219727	16.108938217163086	8.248390197753906	8.82551097869873	7.953339576721191	3.129800796508789	3.151096820831299	4.851068019866943	4.829703330993652	4.528576374053955
128	18.878808975219727	16.15727424621582	8.572620391845703	0.0	8.23568344116211	3.1135807037353516	3.138873338699341	4.8122124671936035	0.0	4.560458183288574
