Nc	R_opt	R_AQE	R_AQEnoW	R_ACF	R_DQNN	R_linQ	R_opt_rand	R_AQE_rand	R_AQEnoW_rand	R_ACF_rand	R_DQNN_rand	R_linQ_rand
40	20.43598747253418	10.045137405395508	3.7381343841552734	6.0224714279174805	0.0	6.122932434082031	2.7812840938568115	2.368908643722534	2.812173843383789	5.440372467041016	0.0	5.4658355712890625
