Nc	R_opt	R_AQE	R_AQEnoW	R_ACF	R_DQNN	R_linQ	R_opt_rand	R_AQE_rand	R_AQEnoW_rand	R_ACF_rand	R_DQNN_rand	R_linQ_rand
40	9.6048002243042	13.070507049560547	6.228554725646973	8.92498779296875	0.0	8.087370872497559	3.2551934719085693	3.8008058071136475	3.237567901611328	6.3293232917785645	0.0	6.051940441131592
