Nc	R_opt	R_AQE	R_AQEnoW	R_ACF	R_DQNN	R_linQ	R_opt_rand	R_AQE_rand	R_AQEnoW_rand	R_ACF_rand	R_DQNN_rand	R_linQ_rand
40	18.110700607299805	8.811476707458496	3.445490598678589	6.047852039337158	0.0	6.140230178833008	2.773674726486206	2.341850996017456	2.746049642562866	5.427520751953125	0.0	5.449549198150635
