Nc	R_opt	R_AQE	R_AQEnoW	R_ACF	R_DQNN	R_linQ	R_opt_rand	R_AQE_rand	R_AQEnoW_rand	R_ACF_rand	R_DQNN_rand	R_linQ_rand
40	11.014843940734863	9.694427490234375	2.929119110107422	6.058021545410156	0.0	6.0306501388549805	2.5914602279663086	3.1278254985809326	2.6005375385284424	5.4387664794921875	0.0	5.462234020233154
