Nc	R_opt	R_AQE	R_AQEnoW	R_ACF	R_DQNN	R_linQ	R_opt_rand	R_AQE_rand	R_AQEnoW_rand	R_ACF_rand	R_DQNN_rand	R_linQ_rand
40	9.133919715881348	8.80386734008789	5.905820846557617	6.300342559814453	0.0	5.074724197387695	2.6126043796539307	2.8214876651763916	2.622231960296631	3.3455986976623535	0.0	3.1220510005950928
