Nc	R_opt	R_AQE	R_AQEnoW	R_ACF	R_DQNN	R_linQ	R_opt_rand	R_AQE_rand	R_AQEnoW_rand	R_ACF_rand	R_DQNN_rand	R_linQ_rand
40	2.1911396980285645	1.3082103729248047	1.0601472854614258	0.9589452147483826	0.0	0.6256109476089478	0.20402902364730835	0.23065140843391418	0.20430824160575867	0.19684836268424988	0.0	0.2012171596288681
