Nc	R_opt	R_AQE	R_AQEnoW	R_ACF	R_DQNN	R_linQ	R_opt_rand	R_AQE_rand	R_AQEnoW_rand	R_ACF_rand	R_DQNN_rand	R_linQ_rand
40	18.810108184814453	14.325181007385254	11.770391464233398	8.316116333007812	0.0	7.186732769012451	3.5077672004699707	3.321953535079956	3.4917306900024414	4.816439151763916	0.0	4.578607082366943
