Nc	R_opt	R_AQE	R_AQEnoW	R_ACF	R_DQNN	R_linQ	R_opt_rand	R_AQE_rand	R_AQEnoW_rand	R_ACF_rand	R_DQNN_rand	R_linQ_rand
40	18.110700607299805	8.8331298828125	3.563842535018921	6.0640082359313965	0.0	6.07370138168335	2.758888006210327	2.337965965270996	2.762995719909668	5.412911415100098	0.0	5.459473133087158
