Nc	R_opt	R_AQE	R_AQEnoW	R_ACF	R_DQNN	R_linQ	R_opt_rand	R_AQE_rand	R_AQEnoW_rand	R_ACF_rand	R_DQNN_rand	R_linQ_rand
14	34.98139572143555	39.819862365722656	6.887369155883789	18.137065887451172	0.0	16.832443237304688	2.2626898288726807	2.300590991973877	2.259134531021118	15.06719970703125	0.0	14.829870223999023
