Nc	R_opt	R_AQE	R_AQEnoW	R_ACF	R_DQNN	R_linQ	R_opt_rand	R_AQE_rand	R_AQEnoW_rand	R_ACF_rand	R_DQNN_rand	R_linQ_rand
40	9.133919715881348	8.548336029052734	5.5845255851745605	5.888530254364014	0.0	4.99220085144043	2.6230733394622803	2.8114559650421143	2.616607666015625	3.334836959838867	0.0	3.0700061321258545
