Nc	R_opt	R_AQE	R_AQEnoW	R_ACF	R_DQNN	R_linQ	R_opt_rand	R_AQE_rand	R_AQEnoW_rand	R_ACF_rand	R_DQNN_rand	R_linQ_rand
40	18.110700607299805	10.84998607635498	3.5382697582244873	6.107810974121094	0.0	6.695521831512451	2.7592053413391113	2.9165573120117188	2.7689545154571533	5.4050445556640625	0.0	5.238945960998535
