Nc	R_opt	R_AQE	R_AQEnoW	R_ACF	R_DQNN	R_linQ	R_opt_rand	R_AQE_rand	R_AQEnoW_rand	R_ACF_rand	R_DQNN_rand	R_linQ_rand
10	18.36345672607422	13.389176368713379	5.472968101501465	7.952661514282227	0.0	6.916270732879639	2.7099556922912598	2.432422161102295	2.6905529499053955	5.749434471130371	0.0	5.527730464935303
