Nc	R_opt	R_AQE	R_AQEnoW	R_ACF	R_DQNN	R_linQ	R_opt_rand	R_AQE_rand	R_AQEnoW_rand	R_ACF_rand	R_DQNN_rand	R_linQ_rand
40	2.1911396980285645	1.2652074098587036	1.0621929168701172	0.9613609910011292	0.0	0.6054641604423523	0.2058742344379425	0.22893527150154114	0.20616547763347626	0.19676250219345093	0.0	0.1986096352338791
