Nc	R_opt	R_AQE	R_AQEnoW	R_ACF	R_DQNN	R_linQ	R_opt_rand	R_AQE_rand	R_AQEnoW_rand	R_ACF_rand	R_DQNN_rand	R_linQ_rand
40	12.031424522399902	10.305989265441895	3.066845417022705	6.055478096008301	0.0	5.9914326667785645	2.6299753189086914	2.9469871520996094	2.629880905151367	5.4231462478637695	0.0	5.451277256011963
