Nc	R_opt	R_AQE	R_AQEnoW	R_ACF	R_DQNN	R_linQ	R_opt_rand	R_AQE_rand	R_AQEnoW_rand	R_ACF_rand	R_DQNN_rand	R_linQ_rand
40	4.397500038146973	2.6294825077056885	2.288721799850464	2.216031074523926	0.0	1.4110643863677979	0.5384810566902161	0.5865659117698669	0.5370174646377563	0.524726152420044	0.0	0.5147107243537903
