Nc	R_opt	R_AQE	R_AQEnoW	R_ACF	R_DQNN	R_linQ	R_opt_rand	R_AQE_rand	R_AQEnoW_rand	R_ACF_rand	R_DQNN_rand	R_linQ_rand
32	18.772438049316406	14.117304801940918	10.546072006225586	8.162503242492676	0.0	7.043167591094971	3.3154897689819336	3.092785120010376	3.300788164138794	4.888613700866699	0.0	4.662948131561279
