Nc	R_opt	R_AQE	R_AQEnoW	R_ACF	R_DQNN	R_linQ	R_opt_rand	R_AQE_rand	R_AQEnoW_rand	R_ACF_rand	R_DQNN_rand	R_linQ_rand
19	18.615238189697266	13.605782508850098	7.905452251434326	8.122459411621094	0.0	6.860082626342773	2.9811673164367676	2.6834332942962646	2.9773480892181396	5.1549506187438965	0.0	4.965678691864014
