Nc	R_opt	R_AQE	R_AQEnoW	R_ACF	R_DQNN	R_linQ	R_opt_rand	R_AQE_rand	R_AQEnoW_rand	R_ACF_rand	R_DQNN_rand	R_linQ_rand
19	21.558584213256836	12.04473876953125	3.3313589096069336	6.719299793243408	0.0	6.772435665130615	2.577488422393799	2.2293522357940674	2.557152509689331	6.014031887054443	0.0	6.040841579437256
