Nc	R_opt	R_AQE	R_ACF	R_DQNN	R_linQ	R_opt_rand	R_AQE_rand	R_ACF_rand	R_DQNN_rand	R_linQ_rand
8	7.037109851837158	2.854412078857422	2.3366386890411377	0.0	2.3524210453033447	1.1748658418655396	1.0177379846572876	1.1537774801254272	0.0	1.1878975629806519
16	7.037109851837158	3.083864688873291	2.081515312194824	0.0	2.175285577774048	1.1803756952285767	1.1481174230575562	1.2015423774719238	0.0	1.1796588897705078
32	7.037109851837158	3.937095880508423	2.1884114742279053	0.0	2.557457208633423	1.1763554811477661	1.1496813297271729	1.1774741411209106	0.0	1.165613055229187
64	7.037109851837158	4.7960076332092285	4.225451946258545	0.0	2.947728395462036	1.1785998344421387	1.1704655885696411	1.2008819580078125	0.0	1.1196856498718262
100	7.037109851837158	4.934110164642334	3.1576550006866455	4.733088970184326	2.956993341445923	1.1798789501190186	1.1635819673538208	1.1960124969482422	1.1132503747940063	1.1573036909103394
128	7.037109851837158	4.974410057067871	4.684754371643066	0.0	3.02349591255188	1.1668527126312256	1.1662715673446655	1.1961721181869507	0.0	1.037290334701538
