Nc	R_opt	R_AQE	R_AQEnoW	R_ACF	R_DQNN	R_linQ	R_opt_rand	R_AQE_rand	R_AQEnoW_rand	R_ACF_rand	R_DQNN_rand	R_linQ_rand
25	21.7320556640625	11.602002143859863	3.615753412246704	6.542818546295166	0.0	6.492198467254639	2.631706476211548	2.2690060138702393	2.636631488800049	5.811685562133789	0.0	5.816380500793457
