Nc	R_opt	R_AQE	R_AQEnoW	R_ACF	R_DQNN	R_linQ	R_opt_rand	R_AQE_rand	R_AQEnoW_rand	R_ACF_rand	R_DQNN_rand	R_linQ_rand
40	18.220542907714844	13.911233901977539	10.70004653930664	8.193291664123535	0.0	7.025790214538574	3.488189697265625	3.320892810821533	3.4914140701293945	4.824156284332275	0.0	4.491454124450684
