Nc	R_opt	R_AQE	R_AQEnoW	R_ACF	R_DQNN	R_linQ	R_opt_rand	R_AQE_rand	R_AQEnoW_rand	R_ACF_rand	R_DQNN_rand	R_linQ_rand
40	21.9271183013916	10.94778060913086	3.72202205657959	6.054365634918213	0.0	6.129255771636963	2.814116954803467	2.374969959259033	2.8057141304016113	5.418001651763916	0.0	5.479010105133057
