Nc	R_opt	R_AQE	R_AQEnoW	R_ACF	R_DQNN	R_linQ	R_opt_rand	R_AQE_rand	R_AQEnoW_rand	R_ACF_rand	R_DQNN_rand	R_linQ_rand
40	14.018640518188477	10.50072956085205	3.2392914295196533	6.0779266357421875	0.0	6.083090782165527	2.684490919113159	2.924293279647827	2.6979312896728516	5.43147087097168	0.0	5.467474460601807
