Nc	R_opt	R_AQE	R_AQEnoW	R_ACF	R_DQNN	R_linQ	R_opt_rand	R_AQE_rand	R_AQEnoW_rand	R_ACF_rand	R_DQNN_rand	R_linQ_rand
10	33.6846923828125	38.6200065612793	5.53898811340332	17.3803653717041	0.0	16.04210090637207	2.2736611366271973	2.3576440811157227	2.2640349864959717	14.589653015136719	0.0	14.332621574401855
