Nc	R_opt	R_AQE	R_AQEnoW	R_ACF	R_DQNN	R_linQ	R_opt_rand	R_AQE_rand	R_AQEnoW_rand	R_ACF_rand	R_DQNN_rand	R_linQ_rand
40	7.232093334197998	6.003469467163086	4.485033988952637	4.881492614746094	0.0	3.503312110900879	1.8091609477996826	1.9194486141204834	1.8144099712371826	2.070571184158325	0.0	1.849216341972351
