Nc	R_opt	R_AQE	R_ACF	R_DQNN	R_linQ	R_opt_rand	R_AQE_rand	R_ACF_rand	R_DQNN_rand	R_linQ_rand
8	22.503738403320312	15.559977531433105	9.161601066589355	0.0	7.665016174316406	3.297985076904297	2.9515628814697266	4.425395488739014	0.0	6.099845886230469
16	22.503738403320312	16.99356460571289	9.646957397460938	0.0	8.137319564819336	3.2937498092651367	3.1846611499786377	4.583289623260498	0.0	6.127071380615234
32	22.503738403320312	18.943655014038086	7.835765361785889	0.0	8.66813850402832	3.2846474647521973	3.308655023574829	6.337047100067139	0.0	6.129175186157227
64	22.503738403320312	20.421566009521484	8.251795768737793	0.0	9.224934577941895	3.2843105792999268	3.431457042694092	5.943018913269043	0.0	6.129607677459717
100	22.503738403320312	20.908672332763672	10.09129524230957	11.78033447265625	9.636859893798828	3.31148362159729	3.4634525775909424	4.178853988647461	3.6016318798065186	6.113111972808838
128	22.503738403320312	21.257877349853516	13.263883590698242	0.0	10.287618637084961	3.286245346069336	3.4886741638183594	3.948507785797119	0.0	2.9898877143859863
