Nc	R_opt	R_AQE	R_AQEnoW	R_ACF	R_DQNN	R_linQ	R_opt_rand	R_AQE_rand	R_AQEnoW_rand	R_ACF_rand	R_DQNN_rand	R_linQ_rand
40	13.038969993591309	10.448409080505371	3.1218488216400146	6.1010823249816895	0.0	5.967103004455566	2.664668560028076	2.922773599624634	2.6639761924743652	5.413881301879883	0.0	5.404897689819336
