Nc	R_opt	R_AQE	R_ACF	R_DQNN	R_linQ	R_opt_rand	R_AQE_rand	R_ACF_rand	R_DQNN_rand	R_linQ_rand
8	10.595027923583984	4.930262565612793	3.4094502925872803	0.0	3.2315468788146973	1.9104200601577759	1.7227648496627808	1.9480876922607422	0.0	1.9784890413284302
16	10.595027923583984	5.375373840332031	2.5048577785491943	0.0	3.2228918075561523	1.9206472635269165	1.8142513036727905	2.0395870208740234	0.0	1.9690054655075073
32	10.595027923583984	6.4795241355896	3.749586343765259	0.0	3.6517767906188965	1.9159544706344604	1.9037842750549316	1.9204704761505127	0.0	1.939961314201355
64	10.595027923583984	7.397822380065918	3.1206395626068115	0.0	4.311470031738281	1.9196900129318237	1.9440056085586548	2.016024112701416	0.0	1.9147534370422363
100	10.595027923583984	7.563517093658447	4.054018020629883	7.0920562744140625	4.598931312561035	1.9066202640533447	1.8696225881576538	2.0542943477630615	1.9034868478775024	1.8581408262252808
128	10.595027923583984	7.9203386306762695	5.94447660446167	0.0	4.784953594207764	1.9155741930007935	1.964707612991333	2.0862979888916016	0.0	1.9043807983398438
