Nc	R_opt	R_AQE	R_AQEnoW	R_ACF	R_DQNN	R_linQ	R_opt_rand	R_AQE_rand	R_AQEnoW_rand	R_ACF_rand	R_DQNN_rand	R_linQ_rand
40	4.397501468658447	2.671039342880249	2.3669240474700928	2.3428752422332764	0.0	1.5278314352035522	0.5369399189949036	0.5685255527496338	0.5380723476409912	0.5263822674751282	0.0	0.5347331166267395
