Nc	R_opt	R_AQE	R_AQEnoW	R_ACF	R_DQNN	R_linQ	R_opt_rand	R_AQE_rand	R_AQEnoW_rand	R_ACF_rand	R_DQNN_rand	R_linQ_rand
40	9.133919715881348	8.781244277954102	5.901238441467285	6.427013397216797	0.0	5.024474143981934	2.626692056655884	2.8219316005706787	2.6299185752868652	3.3019113540649414	0.0	3.0969390869140625
