Nc	R_opt	R_AQE	R_AQEnoW	R_ACF	R_DQNN	R_linQ	R_opt_rand	R_AQE_rand	R_AQEnoW_rand	R_ACF_rand	R_DQNN_rand	R_linQ_rand
40	9.008528709411621	4.518032073974609	2.7444283962249756	6.031764984130859	0.0	5.991583347320557	2.5381364822387695	2.1827993392944336	2.511768102645874	5.449005126953125	0.0	5.46232271194458
