Nc	R_opt	R_AQE	R_ACF	R_DQNN	R_linQ	R_opt_rand	R_AQE_rand	R_ACF_rand	R_DQNN_rand	R_linQ_rand
8	14.802499771118164	7.685131072998047	5.0989603996276855	0.0	4.544386386871338	2.6901347637176514	2.6247506141662598	2.7474560737609863	0.0	3.0898633003234863
16	14.802499771118164	8.104185104370117	5.653543949127197	0.0	4.8052496910095215	2.679917097091675	2.6913037300109863	2.7214198112487793	0.0	3.087895393371582
32	14.802499771118164	9.406158447265625	5.3440680503845215	0.0	5.391848087310791	2.7057812213897705	2.7967169284820557	2.8488011360168457	0.0	3.0867888927459717
64	14.802499771118164	10.42081356048584	8.05233383178711	0.0	5.998134613037109	2.6962270736694336	2.8654873371124268	2.932504415512085	0.0	3.0830113887786865
100	14.802499771118164	11.635478019714355	6.708780288696289	9.376471519470215	6.358726978302002	2.708454132080078	2.7151551246643066	2.8912456035614014	2.711512327194214	3.0931854248046875
128	14.802499771118164	11.723495483398438	7.218180179595947	0.0	6.620190620422363	2.692054033279419	2.624992847442627	2.776374578475952	0.0	3.1077728271484375
