Nc	R_opt	R_AQE	R_AQEnoW	R_ACF	R_DQNN	R_linQ	R_opt_rand	R_AQE_rand	R_AQEnoW_rand	R_ACF_rand	R_DQNN_rand	R_linQ_rand
40	21.9271183013916	10.979194641113281	3.6943564414978027	6.065791606903076	0.0	6.7716827392578125	2.8053038120269775	2.3673558235168457	2.8145906925201416	5.421393394470215	0.0	5.218502044677734
