Nc	R_opt	R_AQE	R_linQ	R_rand
1	12.528217315673828	6.159181118011475	5.970800876617432	5.529367446899414
2	12.528217315673828	6.442647457122803	6.078545570373535	5.524831771850586
4	12.528217315673828	6.881126880645752	6.438978672027588	5.517940521240234
8	12.528217315673828	7.709794044494629	6.951276779174805	5.52740478515625
16	12.528217315673828	8.72683334350586	7.744010925292969	5.520458698272705
32	12.528217315673828	9.612030982971191	8.57098388671875	5.528288841247559
64	12.528217315673828	9.80031967163086	10.074638366699219	5.527024745941162
128	12.528217315673828	10.528959274291992	11.046062469482422	5.524496078491211
