Nc	R_opt	R_AQE	R_AQEnoW	R_ACF	R_DQNN	R_linQ	R_opt_rand	R_AQE_rand	R_AQEnoW_rand	R_ACF_rand	R_DQNN_rand	R_linQ_rand
32	18.772438049316406	14.162930488586426	10.450679779052734	8.025979042053223	0.0	7.049127101898193	3.320676565170288	3.1128482818603516	3.3234331607818604	4.912300109863281	0.0	4.640864849090576
