Nc	R_opt	R_AQE	R_AQEnoW	R_ACF	R_DQNN	R_linQ	R_opt_rand	R_AQE_rand	R_AQEnoW_rand	R_ACF_rand	R_DQNN_rand	R_linQ_rand
14	21.374160766601562	12.463851928710938	3.4173519611358643	7.058355331420898	0.0	7.036255836486816	2.501965045928955	2.211447238922119	2.5019495487213135	6.3058061599731445	0.0	6.333178520202637
