Nc	R_opt	R_AQE	R_AQEnoW	R_ACF	R_DQNN	R_linQ	R_opt_rand	R_AQE_rand	R_AQEnoW_rand	R_ACF_rand	R_DQNN_rand	R_linQ_rand
40	2.1911392211914062	1.1804934740066528	1.0244131088256836	0.9941758513450623	0.0	0.6024562120437622	0.20604972541332245	0.22409984469413757	0.2040702998638153	0.1932552456855774	0.0	0.2066786140203476
