Nc	R_opt	R_AQE	R_AQEnoW	R_ACF	R_DQNN	R_linQ	R_opt_rand	R_AQE_rand	R_AQEnoW_rand	R_ACF_rand	R_DQNN_rand	R_linQ_rand
40	21.211997985839844	18.792755126953125	13.013463973999023	10.080946922302246	0.0	8.731294631958008	3.748464345932007	3.7145237922668457	3.740720272064209	6.398224830627441	0.0	6.085000514984131
