Nc	R_opt	R_AQE	R_AQEnoW	R_ACF	R_DQNN	R_linQ	R_opt_rand	R_AQE_rand	R_AQEnoW_rand	R_ACF_rand	R_DQNN_rand	R_linQ_rand
25	37.29243087768555	43.28095626831055	10.707927703857422	19.398813247680664	0.0	18.399351119995117	2.2294273376464844	2.264796018600464	2.2339272499084473	15.811173439025879	0.0	15.711941719055176
