Nc	R_opt	R_AQE	R_AQEnoW	R_ACF	R_DQNN	R_linQ	R_opt_rand	R_AQE_rand	R_AQEnoW_rand	R_ACF_rand	R_DQNN_rand	R_linQ_rand
40	5.199286937713623	3.6288843154907227	2.9240915775299072	3.220938205718994	0.0	2.0056326389312744	1.0277804136276245	1.062978982925415	1.0257937908172607	1.1340025663375854	0.0	1.0621085166931152
