Nc	R_opt	R_AQE	R_AQEnoW	R_ACF	R_DQNN	R_linQ	R_opt_rand	R_AQE_rand	R_AQEnoW_rand	R_ACF_rand	R_DQNN_rand	R_linQ_rand
25	18.704652786254883	13.744559288024902	9.209078788757324	7.669554710388184	0.0	6.982566833496094	3.1767475605010986	2.8985042572021484	3.1660373210906982	5.035303592681885	0.0	4.798916339874268
