Nc	R_opt	R_AQE	R_AQEnoW	R_ACF	R_DQNN	R_linQ	R_opt_rand	R_AQE_rand	R_AQEnoW_rand	R_ACF_rand	R_DQNN_rand	R_linQ_rand
40	20.43598747253418	10.902040481567383	3.7425830364227295	6.059521198272705	0.0	6.783331871032715	2.7872347831726074	2.9196617603302	2.7756025791168213	5.384864330291748	0.0	5.225945472717285
