Nc	R_opt	R_AQE	R_AQEnoW	R_ACF	R_DQNN	R_linQ	R_opt_rand	R_AQE_rand	R_AQEnoW_rand	R_ACF_rand	R_DQNN_rand	R_linQ_rand
40	14.276440620422363	10.146353721618652	8.80501651763916	6.6383280754089355	0.0	5.519030570983887	2.8659496307373047	2.7815029621124268	2.864046335220337	3.333491325378418	0.0	2.865976572036743
