Nc	R_opt	R_AQE	R_AQEnoW	R_ACF	R_DQNN	R_linQ	R_opt_rand	R_AQE_rand	R_AQEnoW_rand	R_ACF_rand	R_DQNN_rand	R_linQ_rand
40	9.975485801696777	11.298529624938965	6.536789894104004	7.987536430358887	0.0	6.605220317840576	3.056612491607666	3.441538095474243	3.06109619140625	4.7644805908203125	0.0	4.554199695587158
