Nc	R_opt	R_AQE	R_AQEnoW	R_ACF	R_DQNN	R_linQ	R_opt_rand	R_AQE_rand	R_AQEnoW_rand	R_ACF_rand	R_DQNN_rand	R_linQ_rand
40	9.975485801696777	11.225150108337402	6.603826999664307	7.813915252685547	0.0	6.606873035430908	3.0590851306915283	3.4466910362243652	3.0488805770874023	4.827438831329346	0.0	4.551259994506836
