Nc	R_opt	R_AQE	R_AQEnoW	R_ACF	R_DQNN	R_linQ	R_opt_rand	R_AQE_rand	R_AQEnoW_rand	R_ACF_rand	R_DQNN_rand	R_linQ_rand
40	39.29259490966797	40.30120849609375	15.654643058776855	20.889204025268555	0.0	19.753753662109375	2.2440154552459717	2.2425386905670166	2.240036964416504	16.469295501708984	0.0	16.340740203857422
