Nc	R_opt	R_AQE	R_AQEnoW	R_ACF	R_DQNN	R_linQ	R_opt_rand	R_AQE_rand	R_AQEnoW_rand	R_ACF_rand	R_DQNN_rand	R_linQ_rand
40	18.110700607299805	10.838262557983398	3.5067086219787598	6.015312194824219	0.0	6.145557880401611	2.786513566970825	2.9092044830322266	2.779047966003418	5.43717098236084	0.0	5.474033832550049
