Nc	R_opt	R_AQE	R_AQEnoW	R_ACF	R_DQNN	R_linQ	R_opt_rand	R_AQE_rand	R_AQEnoW_rand	R_ACF_rand	R_DQNN_rand	R_linQ_rand
40	5.199286937713623	3.724799156188965	2.935131072998047	3.2944846153259277	0.0	2.0054543018341064	1.030534267425537	1.137965440750122	1.0272701978683472	1.1418296098709106	0.0	1.0556334257125854
