Nc	R_opt	R_AQE	R_AQEnoW	R_ACF	R_DQNN	R_linQ	R_opt_rand	R_AQE_rand	R_AQEnoW_rand	R_ACF_rand	R_DQNN_rand	R_linQ_rand
40	13.038969993591309	10.508801460266113	3.1491153240203857	6.056980133056641	0.0	6.085177898406982	2.6486003398895264	2.928382635116577	2.655442237854004	5.4077653884887695	0.0	5.46599006652832
