Nc	R_opt	R_AQE	R_AQEnoW	R_ACF	R_DQNN	R_linQ	R_opt_rand	R_AQE_rand	R_AQEnoW_rand	R_ACF_rand	R_DQNN_rand	R_linQ_rand
40	4.397501468658447	2.6300618648529053	2.2412519454956055	2.351864814758301	0.0	1.5315865278244019	0.5376266837120056	0.5796782374382019	0.5360537171363831	0.5359984040260315	0.0	0.5330876708030701
