Nc	R_opt	R_AQE	R_AQEnoW	R_ACF	R_DQNN	R_linQ	R_opt_rand	R_AQE_rand	R_AQEnoW_rand	R_ACF_rand	R_DQNN_rand	R_linQ_rand
40	20.43598747253418	10.901254653930664	3.8164522647857666	6.011544704437256	0.0	6.0793843269348145	2.80399227142334	2.929828405380249	2.7893285751342773	5.452276229858398	0.0	5.4427995681762695
