Nc	R_opt	R_AQE	R_AQEnoW	R_ACF	R_DQNN	R_linQ	R_opt_rand	R_AQE_rand	R_AQEnoW_rand	R_ACF_rand	R_DQNN_rand	R_linQ_rand
40	7.046368598937988	4.193308353424072	3.922781467437744	3.421142101287842	0.0	2.7557449340820312	1.1669719219207764	1.1728132963180542	1.1676095724105835	1.1145802736282349	0.0	1.1705902814865112
