Nc	R_opt	R_AQE	R_AQEnoW	R_ACF	R_DQNN	R_linQ	R_opt_rand	R_AQE_rand	R_AQEnoW_rand	R_ACF_rand	R_DQNN_rand	R_linQ_rand
40	18.810108184814453	14.439224243164062	11.62002182006836	8.376970291137695	0.0	7.176704406738281	3.497311592102051	3.3307108879089355	3.495396375656128	4.827220916748047	0.0	4.579342842102051
