Nc	R_opt	R_AQE	R_AQEnoW	R_ACF	R_DQNN	R_linQ	R_opt_rand	R_AQE_rand	R_AQEnoW_rand	R_ACF_rand	R_DQNN_rand	R_linQ_rand
40	10.282761573791504	6.965930461883545	6.250654697418213	5.106234550476074	0.0	3.9800896644592285	1.987568736076355	1.9777988195419312	1.9901723861694336	2.051367998123169	0.0	1.996569037437439
