Nc	R_opt	R_AQE	R_AQEnoW	R_ACF	R_DQNN	R_linQ	R_opt_rand	R_AQE_rand	R_AQEnoW_rand	R_ACF_rand	R_DQNN_rand	R_linQ_rand
40	18.220542907714844	13.911194801330566	10.741464614868164	7.619124889373779	0.0	7.065350532531738	3.48557448387146	3.3072147369384766	3.499667167663574	4.8361921310424805	0.0	4.498180866241455
