Nc	R_opt	R_AQE	R_AQEnoW	R_ACF	R_DQNN	R_linQ	R_opt_rand	R_AQE_rand	R_AQEnoW_rand	R_ACF_rand	R_DQNN_rand	R_linQ_rand
40	5.199286937713623	3.755328893661499	2.8904643058776855	3.313810348510742	0.0	1.9315149784088135	1.0321316719055176	1.1428850889205933	1.0284065008163452	1.1253085136413574	0.0	1.064682126045227
