Nc	R_opt	R_AQE	R_AQEnoW	R_ACF	R_DQNN	R_linQ	R_opt_rand	R_AQE_rand	R_AQEnoW_rand	R_ACF_rand	R_DQNN_rand	R_linQ_rand
40	21.21200180053711	18.404096603393555	12.348684310913086	9.940567970275879	0.0	8.672932624816895	3.719566822052002	3.69352650642395	3.7324252128601074	6.4425950050354	0.0	6.058965682983398
