Nc	R_opt	R_AQE	R_AQEnoW	R_ACF	R_DQNN	R_linQ	R_opt_rand	R_AQE_rand	R_AQEnoW_rand	R_ACF_rand	R_DQNN_rand	R_linQ_rand
40	2.1911392211914062	1.185559868812561	1.0371100902557373	1.101494550704956	0.0	0.5804558992385864	0.20436298847198486	0.22361671924591064	0.20582526922225952	0.19534415006637573	0.0	0.1982305496931076
