Nc	R_opt	R_AQE	R_AQEnoW	R_ACF	R_DQNN	R_linQ	R_opt_rand	R_AQE_rand	R_AQEnoW_rand	R_ACF_rand	R_DQNN_rand	R_linQ_rand
14	34.98139572143555	39.78024673461914	7.179255962371826	18.163698196411133	0.0	16.890384674072266	2.2575998306274414	2.3010642528533936	2.2668113708496094	15.121668815612793	0.0	14.85028076171875
