Nc	R_opt	R_AQE	R_AQEnoW	R_ACF	R_DQNN	R_linQ	R_opt_rand	R_AQE_rand	R_AQEnoW_rand	R_ACF_rand	R_DQNN_rand	R_linQ_rand
40	10.282761573791504	6.960060119628906	6.234951496124268	4.849656581878662	0.0	3.976465940475464	1.9804229736328125	1.9594602584838867	1.9843196868896484	2.0419156551361084	0.0	1.9899321794509888
