Nc	R_opt	R_AQE	R_AQEnoW	R_ACF	R_DQNN	R_linQ	R_opt_rand	R_AQE_rand	R_AQEnoW_rand	R_ACF_rand	R_DQNN_rand	R_linQ_rand
40	18.22054100036621	14.142191886901855	11.506731986999512	8.22632122039795	0.0	7.127927303314209	3.4847984313964844	3.3197460174560547	3.47633695602417	4.854052543640137	0.0	4.517846584320068
