Nc	R_opt	R_AQE	R_AQEnoW	R_ACF	R_DQNN	R_linQ	R_opt_rand	R_AQE_rand	R_AQEnoW_rand	R_ACF_rand	R_DQNN_rand	R_linQ_rand
40	14.276440620422363	10.14290714263916	8.726167678833008	6.608372688293457	0.0	5.427061557769775	2.869232416152954	2.703082323074341	2.8662986755371094	3.3211259841918945	0.0	2.868058919906616
