Nc	R_opt	R_AQE	R_AQEnoW	R_ACF	R_DQNN	R_linQ	R_opt_rand	R_AQE_rand	R_AQEnoW_rand	R_ACF_rand	R_DQNN_rand	R_linQ_rand
40	11.014843940734863	8.324057579040527	3.019019365310669	6.050339698791504	0.0	5.958081245422363	2.5978875160217285	3.8810884952545166	2.597132444381714	5.436210632324219	0.0	5.470921516418457
