Nc	R_opt	R_AQE	R_ACF	R_DQNN	R_linQ	R_opt_rand	R_AQE_rand	R_ACF_rand	R_DQNN_rand	R_linQ_rand
8	7.037109851837158	2.8195641040802	2.1575992107391357	0.0	2.3053975105285645	1.1752568483352661	1.0165807008743286	1.0656821727752686	0.0	1.189143180847168
16	7.037109851837158	3.0860702991485596	2.3639414310455322	0.0	2.2029566764831543	1.183822751045227	1.130995512008667	1.0648642778396606	0.0	1.1837010383605957
32	7.037109851837158	3.9924941062927246	2.557084798812866	0.0	2.522350549697876	1.1701202392578125	1.144953966140747	1.1721124649047852	0.0	1.1461414098739624
64	7.037109851837158	4.622280120849609	3.157242774963379	0.0	2.862567186355591	1.180684208869934	1.155543327331543	1.144455075263977	0.0	1.1609978675842285
100	7.037109851837158	5.009738445281982	3.7315444946289062	4.005239486694336	3.293431520462036	1.1742491722106934	1.1647149324417114	1.1408611536026	1.119675636291504	1.1066479682922363
128	7.037109851837158	5.091017246246338	2.9470064640045166	0.0	2.879699230194092	1.1814249753952026	1.1661207675933838	1.135428547859192	0.0	1.0156738758087158
