Nc	R_opt	R_AQE	R_ACF	R_DQNN	R_linQ	R_opt_rand	R_AQE_rand	R_ACF_rand	R_DQNN_rand	R_linQ_rand
8	14.80250072479248	7.521109104156494	5.026847839355469	0.0	4.4849748611450195	2.677252769470215	2.620927095413208	3.2890303134918213	0.0	3.098085403442383
16	14.80250072479248	8.497639656066895	5.875558376312256	0.0	4.98729133605957	2.7147176265716553	2.73423171043396	3.3192296028137207	0.0	3.206143379211426
32	14.80250072479248	9.60322093963623	6.289848327636719	0.0	5.46888542175293	2.7019948959350586	2.80553936958313	3.3213424682617188	0.0	3.208818197250366
64	14.80250072479248	10.238584518432617	6.51253604888916	0.0	5.9303879737854	2.7076337337493896	2.85497784614563	3.347069501876831	0.0	3.0842697620391846
100	14.80250072479248	10.47950553894043	7.286370754241943	7.129496097564697	7.005483627319336	2.6957285404205322	2.838249444961548	3.3539228439331055	3.358091354370117	2.0752193927764893
128	14.80250072479248	11.283952713012695	7.402772426605225	0.0	6.590580940246582	2.690410852432251	2.619351625442505	3.3717474937438965	0.0	3.1094117164611816
