Nc	R_opt	R_AQE	R_AQEnoW	R_ACF	R_DQNN	R_linQ	R_opt_rand	R_AQE_rand	R_AQEnoW_rand	R_ACF_rand	R_DQNN_rand	R_linQ_rand
25	18.704652786254883	13.743165016174316	9.077099800109863	8.145368576049805	0.0	6.957527160644531	3.1672861576080322	2.912658929824829	3.2052111625671387	5.043058395385742	0.0	4.797224521636963
