Nc	R_opt	R_AQE	R_AQEnoW	R_ACF	R_DQNN	R_linQ	R_opt_rand	R_AQE_rand	R_AQEnoW_rand	R_ACF_rand	R_DQNN_rand	R_linQ_rand
40	13.038969993591309	10.52269458770752	3.2059106826782227	6.146744251251221	0.0	6.02699613571167	2.6548545360565186	2.933109998703003	2.654372215270996	5.455188751220703	0.0	5.437933921813965
