Nc	R_opt	R_AQE	R_ACF	R_DQNN	R_linQ	R_opt_rand	R_AQE_rand	R_ACF_rand	R_DQNN_rand	R_linQ_rand
8	10.595027923583984	4.4758758544921875	3.8523850440979004	0.0	3.307145118713379	1.910008192062378	1.808469295501709	2.0326590538024902	0.0	1.980042576789856
16	10.595027923583984	5.541191577911377	3.6491143703460693	0.0	3.4877703189849854	1.9165505170822144	1.8641380071640015	1.9065536260604858	0.0	1.9519805908203125
32	10.595027923583984	6.504803657531738	4.704711437225342	0.0	3.4387967586517334	1.9152673482894897	1.8705737590789795	2.0567965507507324	0.0	1.9081695079803467
64	10.595027923583984	7.585682392120361	5.025924205780029	0.0	3.186001777648926	1.920487403869629	1.941770076751709	2.0576367378234863	0.0	1.771440029144287
100	10.595027923583984	7.558391094207764	5.646024227142334	5.514942646026611	4.759854316711426	1.9074370861053467	1.9506053924560547	2.048171281814575	2.047163963317871	1.9037153720855713
128	10.595027923583984	7.547731876373291	5.37822151184082	0.0	3.566906452178955	1.9101297855377197	1.9610751867294312	2.0453574657440186	0.0	1.903457760810852
