Nc	R_opt	R_AQE	R_ACF	R_DQNN	R_linQ	R_opt_rand	R_AQE_rand	R_ACF_rand	R_DQNN_rand	R_linQ_rand
8	10.595027923583984	4.945491313934326	3.051609992980957	0.0	2.9707045555114746	1.9181928634643555	1.7603663206100464	2.01042103767395	0.0	1.9831770658493042
16	10.595027923583984	5.257567405700684	3.9566380977630615	0.0	3.206841230392456	1.9212228059768677	1.798370122909546	2.0200467109680176	0.0	1.9710088968276978
32	10.595027923583984	6.3372273445129395	4.157510280609131	0.0	3.656508207321167	1.9053823947906494	1.908164381980896	2.0363714694976807	0.0	1.9373611211776733
64	10.595027923583984	7.396632671356201	5.216078281402588	0.0	4.046565532684326	1.9203768968582153	1.9591118097305298	2.0425972938537598	0.0	1.8495100736618042
100	10.595027923583984	7.818397521972656	4.972274303436279	5.5689616203308105	4.6429667472839355	1.9092202186584473	1.945245623588562	2.0420656204223633	2.062077760696411	1.8909120559692383
128	10.595027923583984	7.927603721618652	4.045742511749268	0.0	4.619743824005127	1.9148980379104614	1.9506524801254272	2.0168588161468506	0.0	1.903713583946228
