Nc	R_opt	R_AQE	R_AQEnoW	R_ACF	R_DQNN	R_linQ	R_opt_rand	R_AQE_rand	R_AQEnoW_rand	R_ACF_rand	R_DQNN_rand	R_linQ_rand
40	12.031424522399902	10.34995174407959	3.05574369430542	6.131460189819336	0.0	6.071472644805908	2.639824867248535	2.9568049907684326	2.628706693649292	5.449516296386719	0.0	5.4735188484191895
