Nc	R_opt	R_AQE	R_AQEnoW	R_ACF	R_DQNN	R_linQ	R_opt_rand	R_AQE_rand	R_AQEnoW_rand	R_ACF_rand	R_DQNN_rand	R_linQ_rand
40	9.133919715881348	8.538416862487793	5.642045021057129	6.156441688537598	0.0	4.917881488800049	2.61752986907959	2.8016459941864014	2.612877368927002	3.3615663051605225	0.0	3.042816638946533
