Nc	R_opt	R_AQE	R_AQEnoW	R_ACF	R_DQNN	R_linQ	R_opt_rand	R_AQE_rand	R_AQEnoW_rand	R_ACF_rand	R_DQNN_rand	R_linQ_rand
40	20.43598747253418	10.972921371459961	3.7235755920410156	6.048137664794922	0.0	6.0856194496154785	2.7922065258026123	2.394472122192383	2.791764497756958	5.399805545806885	0.0	5.451385974884033
