Nc	R_opt	R_AQE	R_AQEnoW	R_ACF	R_DQNN	R_linQ	R_opt_rand	R_AQE_rand	R_AQEnoW_rand	R_ACF_rand	R_DQNN_rand	R_linQ_rand
32	38.465576171875	46.06787109375	12.704119682312012	19.763322830200195	0.0	19.133617401123047	2.224385976791382	2.264423131942749	2.2320022583007812	16.058483123779297	0.0	16.040040969848633
