Nc	R_opt	R_AQE	R_AQEnoW	R_ACF	R_DQNN	R_linQ	R_opt_rand	R_AQE_rand	R_AQEnoW_rand	R_ACF_rand	R_DQNN_rand	R_linQ_rand
40	9.6048002243042	13.542266845703125	6.222508907318115	9.633553504943848	0.0	8.102360725402832	3.247981309890747	3.391140937805176	3.256223201751709	6.389460563659668	0.0	6.038804531097412
