Nc	R_opt	R_AQE	R_AQEnoW	R_ACF	R_DQNN	R_linQ	R_opt_rand	R_AQE_rand	R_AQEnoW_rand	R_ACF_rand	R_DQNN_rand	R_linQ_rand
14	21.374160766601562	12.492338180541992	3.291539430618286	6.985193729400635	0.0	7.061542987823486	2.5098154544830322	2.209993839263916	2.5017075538635254	6.277125835418701	0.0	6.315300941467285
