Nc	R_opt	R_AQE	R_AQEnoW	R_ACF	R_DQNN	R_linQ	R_opt_rand	R_AQE_rand	R_AQEnoW_rand	R_ACF_rand	R_DQNN_rand	R_linQ_rand
40	10.00393295288086	7.510663032531738	2.9168713092803955	6.031747341156006	0.0	5.975784778594971	2.5660219192504883	5.419687271118164	2.5566353797912598	5.4271087646484375	0.0	5.427090644836426
