Nc	R_opt	R_AQE	R_AQEnoW	R_ACF	R_DQNN	R_linQ	R_opt_rand	R_AQE_rand	R_AQEnoW_rand	R_ACF_rand	R_DQNN_rand	R_linQ_rand
40	4.825770378112793	6.5099053382873535	2.3694679737091064	5.953130722045898	0.0	5.7385406494140625	2.320824146270752	4.954680442810059	2.311992645263672	5.4025983810424805	0.0	5.411423683166504
