Nc	R_opt	R_AQE	R_AQEnoW	R_ACF	R_DQNN	R_linQ	R_opt_rand	R_AQE_rand	R_AQEnoW_rand	R_ACF_rand	R_DQNN_rand	R_linQ_rand
40	13.038969993591309	10.42811393737793	3.129560947418213	6.021115303039551	0.0	6.017139911651611	2.6418581008911133	2.9542901515960693	2.6433393955230713	5.410303115844727	0.0	5.450498104095459
