Nc	R_opt	R_AQE	R_AQEnoW	R_ACF	R_DQNN	R_linQ	R_opt_rand	R_AQE_rand	R_AQEnoW_rand	R_ACF_rand	R_DQNN_rand	R_linQ_rand
40	7.046370983123779	4.456663608551025	4.1188435554504395	3.7600436210632324	0.0	2.6165826320648193	1.1588060855865479	1.182896614074707	1.1593633890151978	1.1776642799377441	0.0	1.1626193523406982
