Nc	R_opt	R_AQE	R_AQEnoW	R_ACF	R_DQNN	R_linQ	R_opt_rand	R_AQE_rand	R_AQEnoW_rand	R_ACF_rand	R_DQNN_rand	R_linQ_rand
40	9.975485801696777	11.039161682128906	6.365336894989014	7.0503153800964355	0.0	6.575014591217041	3.0698153972625732	3.4462523460388184	3.0694851875305176	4.764815330505371	0.0	4.537408828735352
