Nc	R_opt	R_AQE	R_AQEnoW	R_ACF	R_DQNN	R_linQ	R_opt_rand	R_AQE_rand	R_AQEnoW_rand	R_ACF_rand	R_DQNN_rand	R_linQ_rand
19	36.35784912109375	41.94908142089844	8.673242568969727	18.750709533691406	0.0	17.702598571777344	2.2373054027557373	2.2670812606811523	2.251335382461548	15.500333786010742	0.0	15.311104774475098
