Nc	R_opt	R_AQE	R_AQEnoW	R_ACF	R_DQNN	R_linQ	R_opt_rand	R_AQE_rand	R_AQEnoW_rand	R_ACF_rand	R_DQNN_rand	R_linQ_rand
25	18.704652786254883	13.72997760772705	9.179430961608887	8.113773345947266	0.0	6.938443660736084	3.1793429851531982	2.9079713821411133	3.180248975753784	5.035778999328613	0.0	4.761765003204346
