Nc	R_opt	R_AQE	R_AQEnoW	R_ACF	R_DQNN	R_linQ	R_opt_rand	R_AQE_rand	R_AQEnoW_rand	R_ACF_rand	R_DQNN_rand	R_linQ_rand
10	21.06758689880371	13.049548149108887	3.315119504928589	7.415377140045166	0.0	7.365699768066406	2.503882646560669	2.223259210586548	2.510631561279297	6.6563262939453125	0.0	6.675848960876465
