Nc	R_opt	R_AQE	R_AQEnoW	R_ACF	R_DQNN	R_linQ	R_opt_rand	R_AQE_rand	R_AQEnoW_rand	R_ACF_rand	R_DQNN_rand	R_linQ_rand
40	9.008528709411621	6.6709418296813965	2.785801887512207	6.130304336547852	0.0	5.894308090209961	2.528151035308838	4.903858661651611	2.523261070251465	5.47575044631958	0.0	5.412196159362793
