Nc	R_opt	R_AQE	R_AQEnoW	R_ACF	R_DQNN	R_linQ	R_opt_rand	R_AQE_rand	R_AQEnoW_rand	R_ACF_rand	R_DQNN_rand	R_linQ_rand
40	20.43598747253418	10.060371398925781	3.733799934387207	6.0544047355651855	0.0	6.088165283203125	2.799926996231079	2.359539270401001	2.7787864208221436	5.429192543029785	0.0	5.443068027496338
