Nc	R_opt	R_AQE	R_ACF	R_DQNN	R_linQ	R_opt_rand	R_AQE_rand	R_ACF_rand	R_DQNN_rand	R_linQ_rand
8	22.50373649597168	15.200575828552246	8.609237670898438	0.0	7.656591892242432	3.295714855194092	2.936033248901367	6.395054340362549	0.0	6.114661693572998
16	22.50373649597168	17.03007698059082	7.6940107345581055	0.0	8.056694030761719	3.296297073364258	3.1838719844818115	5.446280002593994	0.0	6.102338790893555
32	22.50373649597168	18.78306770324707	9.362237930297852	0.0	8.560791015625	3.311061143875122	3.3082873821258545	6.348946571350098	0.0	6.068756103515625
64	22.50373649597168	20.07274627685547	9.336180686950684	0.0	9.175384521484375	3.3113043308258057	3.391371726989746	6.397010326385498	0.0	6.102866172790527
100	22.50373649597168	20.7022705078125	10.494444847106934	10.448402404785156	9.624464988708496	3.2906956672668457	3.4340951442718506	6.393886089324951	6.464686393737793	6.1384758949279785
128	22.50373649597168	20.688026428222656	10.582376480102539	0.0	11.908564567565918	3.309264659881592	3.4490761756896973	6.348723888397217	0.0	2.9780609607696533
