Nc	R_opt	R_AQE	R_AQEnoW	R_ACF	R_DQNN	R_linQ	R_opt_rand	R_AQE_rand	R_AQEnoW_rand	R_ACF_rand	R_DQNN_rand	R_linQ_rand
40	21.9271183013916	10.9617280960083	3.6073620319366455	6.037353992462158	0.0	6.106294631958008	2.8074328899383545	2.3801865577697754	2.812349557876587	5.458327293395996	0.0	5.460797309875488
