Nc	R_opt	R_AQE	R_AQEnoW	R_ACF	R_DQNN	R_linQ	R_opt_rand	R_AQE_rand	R_AQEnoW_rand	R_ACF_rand	R_DQNN_rand	R_linQ_rand
40	4.825770378112793	2.9386515617370605	2.390392541885376	6.1163177490234375	0.0	5.694928169250488	2.3182148933410645	2.0535693168640137	2.313735246658325	5.439126968383789	0.0	5.421241283416748
