Nc	R_opt	R_AQE	R_AQEnoW	R_ACF	R_DQNN	R_linQ	R_opt_rand	R_AQE_rand	R_AQEnoW_rand	R_ACF_rand	R_DQNN_rand	R_linQ_rand
40	20.43598747253418	10.068069458007812	3.7136402130126953	6.044233322143555	0.0	6.829239845275879	2.792620897293091	2.3487167358398438	2.786749839782715	5.434720516204834	0.0	5.276785850524902
