Nc	R_opt	R_AQE	R_AQEnoW	R_ACF	R_DQNN	R_linQ	R_opt_rand	R_AQE_rand	R_AQEnoW_rand	R_ACF_rand	R_DQNN_rand	R_linQ_rand
40	21.21200180053711	18.337373733520508	12.545662879943848	9.637544631958008	0.0	8.715655326843262	3.7274444103240967	3.679274082183838	3.729671001434326	6.439761638641357	0.0	6.124236106872559
