Nc	R_opt	R_AQE	R_AQEnoW	R_ACF	R_DQNN	R_linQ	R_opt_rand	R_AQE_rand	R_AQEnoW_rand	R_ACF_rand	R_DQNN_rand	R_linQ_rand
40	9.133919715881348	8.516274452209473	5.648612976074219	6.161364555358887	0.0	4.992548942565918	2.618173599243164	2.794597625732422	2.6210548877716064	3.286344528198242	0.0	3.0914814472198486
