Nc	R_opt	R_AQE	R_AQEnoW	R_ACF	R_DQNN	R_linQ	R_opt_rand	R_AQE_rand	R_AQEnoW_rand	R_ACF_rand	R_DQNN_rand	R_linQ_rand
40	10.00393295288086	7.5152130126953125	2.8885388374328613	6.059204578399658	0.0	5.959303379058838	2.552908420562744	5.444490432739258	2.562854528427124	5.42634916305542	0.0	5.4402971267700195
