Nc	R_opt	R_AQE	R_ACF	R_DQNN	R_linQ	R_opt_rand	R_AQE_rand	R_ACF_rand	R_DQNN_rand	R_linQ_rand
8	2.460557222366333	0.6567394137382507	0.44599077105522156	0.0	0.6617586016654968	0.22651220858097076	0.19773511588573456	0.21392688155174255	0.0	0.22796131670475006
16	2.460557222366333	0.8338791728019714	0.6925133466720581	0.0	0.5470826625823975	0.23070485889911652	0.23690292239189148	0.21282604336738586	0.0	0.20398341119289398
32	2.460557222366333	1.1174870729446411	0.5385369658470154	0.0	0.7252947092056274	0.2296924740076065	0.2343362718820572	0.21877160668373108	0.0	0.22245438396930695
64	2.460557222366333	1.4077200889587402	1.2975918054580688	0.0	0.8260889649391174	0.22705477476119995	0.2383291870355606	0.217966228723526	0.0	0.19258861243724823
100	2.460557222366333	1.5252108573913574	1.0283504724502563	1.525451898574829	0.9614171385765076	0.2253507822751999	0.23328107595443726	0.2167777270078659	0.20653805136680603	0.20217645168304443
128	2.460557222366333	1.5745573043823242	1.2846753597259521	0.0	0.9448457956314087	0.22579915821552277	0.2360340803861618	0.2189502865076065	0.0	0.20261362195014954
