Nc	R_opt	R_AQE	R_AQEnoW	R_ACF	R_DQNN	R_linQ	R_opt_rand	R_AQE_rand	R_AQEnoW_rand	R_ACF_rand	R_DQNN_rand	R_linQ_rand
19	21.558584213256836	12.008283615112305	3.328479528427124	6.746675491333008	0.0	6.717963218688965	2.5677707195281982	2.2312428951263428	2.5520694255828857	5.994871616363525	0.0	6.034893989562988
