Nc	R_opt	R_AQE	R_AQEnoW	R_ACF	R_DQNN	R_linQ	R_opt_rand	R_AQE_rand	R_AQEnoW_rand	R_ACF_rand	R_DQNN_rand	R_linQ_rand
40	4.397500038146973	2.5976176261901855	2.1932504177093506	2.258732318878174	0.0	1.420376181602478	0.5406461358070374	0.5859053730964661	0.5377630591392517	0.5224048495292664	0.0	0.5216200351715088
