Nc	R_opt	R_AQE	R_AQEnoW	R_ACF	R_DQNN	R_linQ	R_opt_rand	R_AQE_rand	R_AQEnoW_rand	R_ACF_rand	R_DQNN_rand	R_linQ_rand
40	2.657137155532837	1.4997047185897827	1.3597477674484253	1.210732102394104	0.0	0.7996827363967896	0.2177041620016098	0.22626066207885742	0.21822963654994965	0.20515687763690948	0.0	0.20673364400863647
