Nc	R_opt	R_AQE	R_AQEnoW	R_ACF	R_DQNN	R_linQ	R_opt_rand	R_AQE_rand	R_AQEnoW_rand	R_ACF_rand	R_DQNN_rand	R_linQ_rand
40	3.506560802459717	2.255744457244873	1.7668966054916382	2.1047050952911377	0.0	1.1480827331542969	0.49775072932243347	0.5736970901489258	0.49585506319999695	0.5182363390922546	0.0	0.5005097985267639
