Nc	R_opt	R_AQE	R_ACF	R_DQNN	R_linQ	R_opt_rand	R_AQE_rand	R_ACF_rand	R_DQNN_rand	R_linQ_rand
8	22.503738403320312	15.652337074279785	8.48599624633789	0.0	7.637733459472656	3.2916581630706787	2.9674596786499023	6.399684429168701	0.0	6.112214088439941
16	22.503738403320312	16.833791732788086	8.748675346374512	0.0	8.092339515686035	3.308230400085449	3.188913583755493	6.351532459259033	0.0	6.095963001251221
32	22.503738403320312	19.03986167907715	8.512280464172363	0.0	8.600232124328613	3.2889328002929688	3.3279757499694824	6.30626916885376	0.0	6.10984992980957
64	22.503738403320312	20.465232849121094	9.592394828796387	0.0	9.234579086303711	3.30716872215271	3.4360556602478027	6.368903160095215	0.0	6.109691619873047
100	22.503738403320312	20.894332885742188	9.002731323242188	10.49299430847168	9.668350219726562	3.3010904788970947	3.427382707595825	6.339180946350098	6.398733139038086	6.130735874176025
128	22.503738403320312	21.136178970336914	10.571398735046387	0.0	10.505620956420898	3.3020970821380615	3.4935240745544434	6.374508380889893	0.0	2.973827600479126
