Nc	R_opt	R_AQE	R_AQEnoW	R_ACF	R_DQNN	R_linQ	R_opt_rand	R_AQE_rand	R_AQEnoW_rand	R_ACF_rand	R_DQNN_rand	R_linQ_rand
40	12.031424522399902	10.433857917785645	3.104522466659546	6.137241840362549	0.0	6.067106246948242	2.6341307163238525	2.9482579231262207	2.6304123401641846	5.465971946716309	0.0	5.449304103851318
