Nc	R_opt	R_AQE	R_AQEnoW	R_ACF	R_DQNN	R_linQ	R_opt_rand	R_AQE_rand	R_AQEnoW_rand	R_ACF_rand	R_DQNN_rand	R_linQ_rand
40	7.232093334197998	5.72744607925415	4.187328815460205	4.620694637298584	0.0	3.3985228538513184	1.8050726652145386	1.906556248664856	1.8081456422805786	2.047924041748047	0.0	1.8390306234359741
