Nc	R_opt	R_AQE	R_AQEnoW	R_ACF	R_DQNN	R_linQ	R_opt_rand	R_AQE_rand	R_AQEnoW_rand	R_ACF_rand	R_DQNN_rand	R_linQ_rand
40	21.21200180053711	18.505035400390625	12.373889923095703	9.753914833068848	0.0	8.669488906860352	3.7386474609375	3.6560428142547607	3.7300515174865723	6.419491767883301	0.0	6.07710075378418
