Nc	R_opt	R_AQE	R_AQEnoW	R_ACF	R_DQNN	R_linQ	R_opt_rand	R_AQE_rand	R_AQEnoW_rand	R_ACF_rand	R_DQNN_rand	R_linQ_rand
40	9.975485801696777	11.022887229919434	6.376482009887695	7.343364715576172	0.0	6.539586544036865	3.053610324859619	3.446551561355591	3.0699334144592285	4.81345272064209	0.0	4.4957051277160645
