Nc	R_opt	R_AQE	R_AQEnoW	R_ACF	R_DQNN	R_linQ	R_opt_rand	R_AQE_rand	R_AQEnoW_rand	R_ACF_rand	R_DQNN_rand	R_linQ_rand
40	18.110700607299805	8.783564567565918	3.5797119140625	6.052985191345215	0.0	6.0432658195495605	2.7665724754333496	2.3374412059783936	2.7407848834991455	5.4200639724731445	0.0	5.454794406890869
