Nc	R_opt	R_AQE	R_AQEnoW	R_ACF	R_DQNN	R_linQ	R_opt_rand	R_AQE_rand	R_AQEnoW_rand	R_ACF_rand	R_DQNN_rand	R_linQ_rand
40	9.604801177978516	13.849671363830566	6.3780999183654785	9.758819580078125	0.0	8.255043029785156	3.2481138706207275	3.4335854053497314	3.247314214706421	6.351823806762695	0.0	6.111687183380127
