Nc	R_opt	R_AQE	R_AQEnoW	R_ACF	R_DQNN	R_linQ	R_opt_rand	R_AQE_rand	R_AQEnoW_rand	R_ACF_rand	R_DQNN_rand	R_linQ_rand
40	7.232093334197998	5.914000988006592	4.157130718231201	4.33804988861084	0.0	3.441474199295044	1.8088951110839844	1.9380780458450317	1.8134517669677734	2.011354923248291	0.0	1.8231780529022217
