Nc	R_opt	R_AQE	R_AQEnoW	R_ACF	R_DQNN	R_linQ	R_opt_rand	R_AQE_rand	R_AQEnoW_rand	R_ACF_rand	R_DQNN_rand	R_linQ_rand
40	18.220542907714844	13.65947151184082	10.564691543579102	7.958452224731445	0.0	7.115786552429199	3.4954569339752197	3.3225975036621094	3.484909772872925	4.856342315673828	0.0	4.562839508056641
