Nc	R_opt	R_AQE	R_AQEnoW	R_ACF	R_DQNN	R_linQ	R_opt_rand	R_AQE_rand	R_AQEnoW_rand	R_ACF_rand	R_DQNN_rand	R_linQ_rand
40	7.046370983123779	4.355817794799805	3.94305682182312	3.695375680923462	0.0	2.55182147026062	1.165798306465149	1.1615865230560303	1.163622498512268	1.1788686513900757	0.0	1.11868417263031
