Nc	R_opt	R_AQE	R_AQEnoW	R_ACF	R_DQNN	R_linQ	R_opt_rand	R_AQE_rand	R_AQEnoW_rand	R_ACF_rand	R_DQNN_rand	R_linQ_rand
40	3.506561279296875	2.1811611652374268	1.745829701423645	1.7406022548675537	0.0	1.1481642723083496	0.4955666959285736	0.5690141320228577	0.49635908007621765	0.4972214698791504	0.0	0.5027415156364441
