Nc	R_opt	R_AQE	R_AQEnoW	R_ACF	R_DQNN	R_linQ	R_opt_rand	R_AQE_rand	R_AQEnoW_rand	R_ACF_rand	R_DQNN_rand	R_linQ_rand
40	2.7455050945281982	2.1801071166992188	2.1441709995269775	5.443488121032715	0.0	5.251053810119629	2.1304826736450195	1.9734116792678833	2.121258497238159	5.184569358825684	0.0	5.055905818939209
