Nc	R_opt	R_AQE	R_AQEnoW	R_ACF	R_DQNN	R_linQ	R_opt_rand	R_AQE_rand	R_AQEnoW_rand	R_ACF_rand	R_DQNN_rand	R_linQ_rand
40	10.282761573791504	6.886369228363037	6.191429615020752	4.846695899963379	0.0	4.007798194885254	1.9848833084106445	1.9477227926254272	1.9971214532852173	2.0418498516082764	0.0	1.9926751852035522
