Nc	R_opt	R_AQE	R_AQEnoW	R_ACF	R_DQNN	R_linQ	R_opt_rand	R_AQE_rand	R_AQEnoW_rand	R_ACF_rand	R_DQNN_rand	R_linQ_rand
40	18.110700607299805	10.842533111572266	3.6392197608947754	6.146155834197998	0.0	6.166731357574463	2.771450996398926	2.9144716262817383	2.764641046524048	5.467471122741699	0.0	5.447479248046875
