Nc	R_opt	R_AQE	R_AQEnoW	R_ACF	R_DQNN	R_linQ	R_opt_rand	R_AQE_rand	R_AQEnoW_rand	R_ACF_rand	R_DQNN_rand	R_linQ_rand
40	2.657137155532837	1.4897347688674927	1.3655754327774048	1.2053166627883911	0.0	0.7954803109169006	0.2194163203239441	0.22318105399608612	0.21890416741371155	0.20693449676036835	0.0	0.20893742144107819
