Nc	R_opt	R_AQE	R_AQEnoW	R_ACF	R_DQNN	R_linQ	R_opt_rand	R_AQE_rand	R_AQEnoW_rand	R_ACF_rand	R_DQNN_rand	R_linQ_rand
40	7.046370983123779	4.340568542480469	4.0336151123046875	3.745469808578491	0.0	2.6280572414398193	1.1572167873382568	1.178555965423584	1.1640220880508423	1.1353485584259033	0.0	1.161033034324646
