Nc	R_opt	R_AQE	R_AQEnoW	R_ACF	R_DQNN	R_linQ	R_opt_rand	R_AQE_rand	R_AQEnoW_rand	R_ACF_rand	R_DQNN_rand	R_linQ_rand
40	14.018640518188477	10.595539093017578	3.2186174392700195	6.129053592681885	0.0	6.169760227203369	2.6718523502349854	2.9233038425445557	2.674482822418213	5.4564738273620605	0.0	5.451639652252197
