Nc	R_opt	R_AQE	R_AQEnoW	R_ACF	R_DQNN	R_linQ	R_opt_rand	R_AQE_rand	R_AQEnoW_rand	R_ACF_rand	R_DQNN_rand	R_linQ_rand
40	2.657137155532837	1.4620987176895142	1.331231951713562	1.0698552131652832	0.0	0.7793743014335632	0.21744655072689056	0.2246948480606079	0.21654115617275238	0.20619367063045502	0.0	0.19832578301429749
