Nc	R_opt	R_AQE	R_AQEnoW	R_ACF	R_DQNN	R_linQ	R_opt_rand	R_AQE_rand	R_AQEnoW_rand	R_ACF_rand	R_DQNN_rand	R_linQ_rand
40	7.232093334197998	5.734780311584473	4.318288326263428	4.769964694976807	0.0	2.9638407230377197	1.8114579916000366	1.8627249002456665	1.7984635829925537	2.048154592514038	0.0	1.8258050680160522
