Nc	R_opt	R_AQE	R_AQEnoW	R_ACF	R_DQNN	R_linQ	R_opt_rand	R_AQE_rand	R_AQEnoW_rand	R_ACF_rand	R_DQNN_rand	R_linQ_rand
40	4.397500038146973	2.529125928878784	2.224036931991577	2.1898648738861084	0.0	1.3823847770690918	0.5366539359092712	0.5727939009666443	0.5397046804428101	0.5295409560203552	0.0	0.5199435949325562
