Nc	R_opt	R_AQE	R_AQEnoW	R_ACF	R_DQNN	R_linQ	R_opt_rand	R_AQE_rand	R_AQEnoW_rand	R_ACF_rand	R_DQNN_rand	R_linQ_rand
40	4.825770378112793	2.8577229976654053	2.3755924701690674	6.0161590576171875	0.0	5.716582775115967	2.3139114379882812	2.0566647052764893	2.308864116668701	5.37187385559082	0.0	5.424685478210449
